,0,1,2,3,4,5,6,7,8,9,10,11,12,13,14,15,16,17,18,19,20,21,22,23,24,25,26,27,28,29,30,31,32,33,34,35,36,37,38,39,40,41,42,43,44,45,46,47,48,49,50,51,52,53,54,55,56,57,58,59
0,54009,24149,25228,25992,26956,27902,28742,29711,30331,31023,31293,32381,32629,33343,34068,35051,35962,36902,37834,37855,38913,39282,39719,40691,41762,42673,43656,44685,45345,45811,47110,47996,48801,50008,50968,52458,53083,53207,53897,55565,56486,57263,58203,59045,59911,60736,61764,62791,63746,64779,65609,66831,67809,69053,70444,71102,72227,73008,73841,74873
1,54339,24251,25341,26094,27062,28009,28858,29823,30445,31134,31403,32532,32771,33493,34185,35238,36150,37060,37964,37978,39056,39398,39836,40858,41901,42849,43799,44843,45529,45938,47289,48128,48969,50174,51224,52760,53255,53436,54123,55854,56656,57422,58370,59229,60120,60900,61934,62999,63951,64955,65787,67060,68011,69254,70632,71220,72382,73197,74005,75075
2,54329,24325,25430,26197,27164,28109,29059,30069,30704,31373,31564,32638,33016,33628,34357,35442,36260,37275,38057,38242,39209,39564,39918,41020,42066,42992,43955,44990,45719,46091,47482,48341,49130,50420,51447,53034,53516,53674,54390,55958,56887,57549,58530,59514,60277,61040,62056,63189,64119,65040,66029,67196,68158,69436,70900,71341,72559,73461,74101,75175
3,54319,24381,25500,26310,27329,28340,29135,30172,30907,31518,31785,32795,33251,33736,34496,35668,36369,37361,38140,38460,39307,39718,39996,41204,42204,43091,44153,45166,45986,46304,47657,48453,49288,50630,51602,53130,53633,53865,54501,56035,57061,57651,58619,59772,60369,61180,62163,63260,64302,65198,66142,67303,68317,69689,71136,71473,72748,73731,74287,75254
4,54101,24487,25782,26590,27513,28623,29412,30341,31056,31789,31928,33091,33462,34056,34639,35860,36618,37538,38349,38734,39453,39875,40152,41427,42467,43339,44409,45313,46206,46592,47916,48579,49505,50878,51776,53344,53778,54063,54766,56182,57229,57946,58852,59969,60614,61326,62358,63480,64478,65320,66264,67478,68627,69976,71447,71724,72963,73962,74506,75458
5,66091,24626,26020,26909,27829,28957,29712,30546,31386,32083,32258,33302,33748,34323,34827,36101,36869,37761,38705,39024,39787,40112,40401,41810,42768,43751,44670,45529,46557,46892,48127,48804,49811,51026,52042,53737,53963,54377,55159,56425,57524,58186,59070,60307,60861,61632,62571,63698,64822,65493,66454,67759,68839,70395,71673,71891,73127,74387,74801,75780
6,66031,24713,26128,27032,28042,29092,29859,30668,31547,32182,32362,33423,34044,34623,34988,36335,37039,37918,38955,39178,39938,40293,40601,41929,42933,43978,44862,45788,46724,47115,48338,48967,50114,51288,52275,53915,54176,54600,55454,56567,57765,58377,59240,60534,61001,61890,62828,63935,64980,65601,66571,67907,69127,70634,71955,72100,73330,74621,75027,75926
7,66041,24797,26230,27169,28297,29315,29965,30839,31755,32294,32613,33533,34351,34810,35195,36561,37250,38126,39068,39355,40049,40427,40715,42055,43075,44292,44952,45935,46930,47283,48485,49141,50417,51456,52424,54213,54393,54719,55711,56668,57875,58636,59404,60750,61164,62007,63042,64141,65290,65790,66721,68112,69260,70773,72169,72305,73482,74944,75210,76129
8,66051,24853,26293,27257,28523,29370,30062,31068,31875,32381,32855,33627,34451,35023,35346,36732,37378,38379,39236,39548,40155,40535,40889,42190,43313,44450,45178,46143,47156,47452,48620,49369,50662,51600,52530,54464,54549,54819,55858,56771,57989,58759,59531,60851,61394,62172,63269,64372,65474,65948,66914,68278,69412,70971,72370,72523,73693,75120,75313,76365
9,66379,24925,26508,27431,28763,29619,30161,31216,31976,32532,32997,33884,34686,35211,35428,37013,37509,38656,39451,39648,40269,40622,41000,42335,43570,44612,45296,46386,47413,47699,48731,49609,50901,51726,52728,54664,54734,55035,56142,56905,58109,59016,59644,61086,61517,62316,63515,64531,65714,66064,67109,68560,69679,71111,72610,72773,73942,75346,75409,76466
10,66359,24987,26745,27607,28921,29734,30325,31319,32215,32762,33133,33974,34871,35455,35620,37257,37666,38751,39539,39891,40392,40837,41182,42440,43808,44825,45426,46498,47645,47817,48962,49710,51017,51896,52851,54766,54928,55172,56368,56991,58169,59083,59782,61267,61585,62525,63628,64762,65860,66222,67312,68691,69905,71370,72772,72921,74020,75482,75541,76703
11,62141,25040,26982,27702,29146,29966,30487,31512,32323,32955,33233,34212,35024,35600,35781,37503,37822,38914,39753,39988,40538,40952,41247,42652,43963,44957,45538,46683,47863,48045,49088,49938,51170,52009,53033,54997,55127,55357,56537,57151,58308,59255,60010,61518,61824,62616,63714,64911,65999,66344,67539,68846,70150,71587,72986,73119,74121,75630,75645,76819
12,62059,25106,27197,27854,29252,30038,30608,31757,32533,33202,33496,34336,35129,35876,35932,37758,38033,39192,39852,40252,40691,41029,41374,42922,44221,45119,45779,46902,48160,48327,49272,50015,51366,52211,53162,55221,55254,55494,56822,57409,58479,59475,60112,61724,61936,62770,63926,65018,66284,66585,67714,69098,70416,71780,73254,73375,74242,75803,75984,77074
13,62049,25181,27331,28037,29407,30219,30741,31880,32762,33282,33683,34556,35252,36024,36204,38040,38175,39397,40112,40488,40915,41280,41513,43040,44385,45406,45862,47145,48346,48552,49526,50242,51483,52390,53352,55348,55498,55767,57053,57598,58600,59661,60356,61847,62050,62903,64069,65220,66450,66680,67932,69380,70615,71956,73409,73538,74330,76103,76204,77242
14,62039,25213,27405,28137,29568,30433,30873,32075,32853,33496,33814,34704,35433,36251,36432,38270,38404,39537,40218,40683,41064,41494,41675,43201,44437,45640,46073,47310,48584,48708,49662,50358,51567,52543,53426,55539,55720,55826,57132,57656,58668,59793,60567,62079,62260,63122,64209,65349,66617,66811,68040,69447,70838,72062,73572,73672,74373,76263,76429,77326
15,62029,25281,27618,28228,29660,30626,31067,32267,33003,33571,34076,34947,35715,36484,36710,38408,38624,39647,40340,40919,41261,41745,41916,43368,44530,45776,46310,47553,48742,48924,49754,50509,51674,52727,53538,55814,55879,56083,57269,57737,58912,59987,60677,62364,62534,63219,64391,65597,66841,66981,68114,69677,70995,72196,73759,73834,74560,76393,76629,77558
16,62019,25319,27674,28442,29717,30687,31152,32359,33207,33785,34298,35166,35820,36560,36859,38563,38744,39792,40437,41097,41483,41950,42052,43545,44614,45981,46402,47679,48980,49161,49872,50603,51888,52940,53662,55925,56022,56141,57398,57859,58982,60054,60793,62532,62730,63315,64575,65691,67002,67193,68286,69739,71219,72284,73877,74058,74628,76483,76687,77600
17,70309,25368,27911,28520,29826,30918,31249,32577,33327,33897,34480,35402,36076,36680,36933,38819,38904,39904,40504,41339,41653,42063,42244,43637,44852,46085,46492,47823,49247,49359,50019,50724,52142,53078,53745,56091,56260,56336,57547,58041,59210,60285,60923,62647,62980,63481,64663,65787,67260,67406,68442,69882,71464,72479,74123,74141,74757,76669,76772,77836
18,70299,25400,28129,28587,30037,31027,31288,32688,33532,33961,34569,35565,36167,36845,37162,38953,39091,39985,40724,41382,41697,42278,42385,43721,44924,46216,46549,47865,49357,49588,50124,50905,52211,53290,53873,56307,56374,56555,57779,58260,59269,60452,61135,62770,63070,63549,64876,65884,67457,67638,68570,70054,71602,72655,74215,74316,74882,76776,76996,77878
19,70289,25462,28256,28678,30111,31130,31403,32900,33771,34191,34811,35635,36279,37005,37390,39166,39329,40120,40911,41526,41820,42437,42523,43852,45149,46317,46678,48006,49519,49842,50265,51023,52301,53519,54061,56558,56613,56665,58005,58325,59379,60516,61361,62932,63212,63698,65106,65958,67715,67789,68655,70197,71807,72890,74381,74451,74970,77046,77141,78092
20,70279,25543,28493,28897,30230,31286,31575,33092,33943,34275,35071,35801,36490,37305,37691,39304,39493,40324,41191,41811,41971,42611,42773,43994,45283,46580,46794,48121,49726,50145,50536,51116,52604,53608,54205,56716,56778,56948,58167,58585,59505,60635,61536,63076,63509,63800,65233,66098,67918,68092,68744,70457,71962,73064,74491,74614,75236,77209,77334,78260
21,70269,25590,28678,29127,30294,31516,31763,33152,34128,34505,35149,35902,36599,37530,37805,39390,39731,40496,41400,41886,42117,42731,42913,44190,45445,46780,46896,48306,49888,50298,50642,51305,52854,53673,54344,56848,56997,57132,58398,58747,59672,60793,61588,63327,63606,64039,65312,66294,68091,68224,68836,70585,72207,73166,74590,74840,75323,77416,77435,78396
22,71161,25652,28784,29285,30351,31628,31976,33253,34368,34573,35391,36123,36690,37649,38058,39599,39968,40654,41616,41955,42321,42950,43181,44429,45683,46875,47122,48358,50033,50394,50859,51381,52974,53902,54440,57025,57206,57338,58504,58985,59900,60871,61774,63422,63737,64152,65373,66444,68272,68384,68952,70743,72285,73269,74801,75027,75555,77513,77595,78632
23,71151,25701,29021,29336,30531,31859,32054,33430,34434,34710,35573,36252,36900,37737,38311,39730,40090,40838,41761,42198,42397,43139,43441,44503,45921,46998,47274,48539,50300,50548,50988,51441,53103,53973,54611,57276,57426,57579,58604,59223,60127,60961,61825,63674,63844,64267,65553,66524,68462,68643,69034,70900,72385,73362,74967,75253,75697,77684,77713,78868
24,71141,25758,29225,29454,30749,32091,32291,33555,34538,34940,35815,36490,37028,37846,38489,39917,40203,41008,41826,42307,42586,43372,43557,44751,46084,47167,47500,48766,50432,50742,51098,51520,53180,54159,54873,57496,57652,57719,58729,59358,60213,61055,62053,63811,64094,64390,65782,66686,68720,68870,69112,71074,72583,73449,75051,75311,75929,77800,77976,78941
25,71121,25805,29399,29555,30873,32291,32373,33736,34732,35170,35927,36573,37263,38098,38607,40055,40362,41209,41922,42399,42747,43450,43778,44962,46322,47364,47598,48922,50524,50870,51219,51685,53434,54266,55026,57640,57792,57973,58811,59481,60386,61292,62186,63900,64209,64453,66012,66752,68947,69048,69286,71163,72718,73555,75138,75438,76149,78031,78239,79177
26,71131,25852,29635,29696,30972,32353,32453,33864,34935,35400,36083,36811,37519,38227,38791,40219,40438,41437,42131,42642,42914,43552,43910,45061,46560,47524,47805,49149,50791,51124,51406,51914,53555,54477,55257,57823,58046,58154,58959,59719,60523,61411,62381,63979,64390,64691,66139,66974,69107,69266,69463,71348,72805,73701,75384,75515,76238,78174,78376,79314
27,71091,25951,29808,29922,31194,32463,32598,34101,35234,35669,36265,36991,37851,38477,39048,40406,40733,41647,42397,42864,43167,43665,44105,45218,46741,47865,48046,49424,50981,51306,51517,52035,53789,54750,55601,58071,58275,58488,59195,59985,60692,61706,62524,64316,64574,64943,66274,67114,69357,69430,69716,71539,72987,73962,75531,75787,76521,78473,78722,79465
28,72021,26026,29924,30178,31434,32545,32695,34234,35354,35761,36528,37226,38043,38656,39301,40607,40990,41870,42516,42962,43294,43739,44285,45377,46998,48153,48174,49640,51267,51458,51666,52121,53903,54909,55758,58345,58526,58751,59479,60242,60807,61939,62768,64600,64755,65201,66408,67362,69528,69677,69787,71732,73163,74167,75705,75853,76626,78732,78855,79545
29,72061,26116,30199,30473,31576,32811,32838,34452,35621,35983,36690,37503,38343,38895,39506,40776,41147,42012,42721,43084,43442,43963,44543,45669,47125,48467,48524,49748,51593,51667,51878,52382,54043,55125,55939,58644,58647,59045,59650,60399,60994,62086,62900,64745,65023,65312,66557,67597,69774,69863,70008,71988,73451,74450,75896,76036,76726,79006,79102,79818
30,72071,26155,30402,30587,31750,32958,33055,34531,35816,36086,36747,37722,38466,38968,39574,40875,41294,42143,42941,43178,43663,44049,44670,45780,47249,48577,48734,49941,51724,51883,52052,52446,54272,55174,56173,58776,58826,59278,59716,60480,61206,62202,62970,64963,65233,65502,66702,67697,69891,70006,70152,72062,73545,74588,76119,76185,76770,79119,79335,80036
31,84499,26246,30677,30858,31946,33222,33246,34731,36052,36233,36872,37929,38652,39092,39745,41098,41489,42445,43057,43402,43946,44165,44932,45934,47498,48825,48970,50150,51888,52118,52324,52557,54438,55436,56385,58941,59122,59483,59965,60757,61358,62332,63133,65273,65523,65680,66819,67904,70135,70161,70410,72369,73820,74804,76253,76434,76903,79321,79573,80291
32,84489,26352,30971,31109,32075,33416,33597,34900,36351,36552,37177,38130,38941,39416,39916,41408,41651,42768,43236,43708,44144,44277,45179,46151,47659,49061,49240,50292,52154,52248,52458,52834,54741,55595,56654,59263,59372,59705,60196,61053,61586,62487,63308,65492,65680,65818,66946,68186,70317,70455,70643,72701,74130,75136,76565,76746,77124,79511,79746,80495
33,84461,26422,31227,31235,32170,33665,33786,35146,36460,36818,37346,38332,39053,39692,40111,41559,41908,42940,43335,43831,44243,44373,45413,46307,47916,49231,49412,50429,52363,52429,52591,52956,54942,55799,56819,59420,59602,59887,60480,61250,61817,62628,63396,65702,65884,65941,67170,68304,70428,70710,70826,72834,74261,75375,76833,77015,77322,79713,79872,80750
34,84471,26485,31343,31524,32286,33778,33893,35242,36616,36949,37591,38492,39283,39901,40378,41700,42164,43160,43454,43992,44428,44545,45550,46514,48026,49518,49660,50496,52544,52552,52770,53036,55054,56044,56931,59695,59840,60097,60765,61339,62061,62735,63464,65987,66011,66127,67400,68468,70600,70901,71023,72994,74464,75661,77057,77108,77534,79838,80141,80845
35,84621,26589,31599,31690,32476,33965,34159,35426,36820,37105,37854,38661,39397,40110,40655,41842,42334,43345,43635,44159,44627,44640,45728,46703,48283,49705,49901,50584,52712,52893,53024,53109,55201,56127,57199,59934,60138,60315,61049,61596,62158,62992,63708,66182,66342,66342,67553,68679,70846,71098,71279,73126,74667,75857,77191,77374,77652,80031,80432,81094
36,84611,26656,31855,32007,32567,34055,34311,35578,37003,37245,38058,38754,39543,40267,40884,42021,42483,43622,43742,44315,44733,44928,46026,46800,48454,49853,50043,50692,53008,53104,53228,53410,55324,56210,57377,60202,60383,60601,61172,61697,62402,63073,63952,66445,66552,66628,67720,68850,70981,71354,71437,73264,74934,76054,77335,77530,77890,80162,80616,81272
37,84631,26688,32044,32074,32658,34214,34383,35791,37113,37433,38124,38836,39629,40495,41112,42179,42541,43851,43852,44404,44954,45100,46230,46947,48669,50036,50217,50878,53130,53252,53465,53531,55434,56395,57612,60429,60592,60754,61404,61884,62613,63142,64040,66559,66667,66812,67933,68897,71064,71458,71579,73340,75080,76221,77386,77754,77946,80402,80767,81449
38,84601,26723,32111,32140,32770,34308,34521,35860,37220,37612,38194,38909,39707,40723,41319,42410,42616,44005,44044,44534,45073,45163,46301,47012,48715,50270,50440,50996,53207,53430,53611,53638,55585,56607,57847,60543,60782,60877,61604,62103,62656,63360,64098,66673,66829,66975,68022,69111,71297,71586,71799,73555,75206,76377,77446,77916,78146,80503,81003,81590
39,75341,26786,32260,32311,32896,34389,34768,36017,37300,37785,38357,39017,39893,40848,41437,42567,42873,44140,44170,44798,45213,45391,46599,47116,48972,50498,50642,51079,53503,53691,53874,53967,55700,56714,58132,60723,60951,61039,61743,62360,62774,63492,64328,66866,67047,67179,68268,69293,71501,71676,71983,73837,75300,76663,77535,78086,78299,80640,81202,81838
40,75061,26860,32465,32646,32971,34547,35044,36124,37444,37903,38456,39216,40078,41124,41663,42734,43003,44267,44379,45062,45353,45595,46727,47261,49094,50647,50888,51156,53647,53862,54050,54097,55976,56795,58394,60998,61179,61311,61961,62538,62956,63577,64536,67150,67279,67309,68436,69379,71660,71819,72242,73963,75566,76846,77693,78220,78408,80940,81386,82001
41,76289,26973,32778,32875,33257,34668,35262,36240,37681,38138,38602,39427,40403,41460,42014,43091,43243,44524,44701,45309,45574,45829,46963,47419,49244,51016,51176,51305,53893,54074,54242,54353,56171,56955,58765,61344,61463,61554,62310,62779,63070,63712,64827,67421,67540,67540,68732,69581,72001,72091,72410,74320,75898,77211,78026,78389,78529,81151,81759,82243
42,76129,27055,32922,33103,33409,34900,35449,36413,37921,38273,38724,39665,40659,41664,42112,43318,43356,44660,44807,45552,45733,45952,47232,47518,49372,51205,51272,51462,54160,54198,54415,54478,56388,57184,59026,61502,61635,61780,62484,62978,63280,63866,64947,67617,67798,67798,68866,69760,72168,72225,72499,74433,76056,77357,78139,78541,78663,81421,81914,82397
43,76119,27114,33159,33218,33532,35131,35602,36642,38160,38455,38828,39766,40873,41858,42310,43432,43531,44813,44994,45795,45972,46084,47421,47716,49479,51344,51488,51668,54283,54466,54602,54724,56605,57413,59169,61609,61766,61982,62669,63216,63508,63942,65091,67875,68040,68133,69041,69991,72405,72587,72588,74561,76144,77575,78309,78744,78799,81514,82177,82587
44,76051,27150,33264,33435,33742,35187,35716,36760,38379,38580,39049,39921,40946,42086,42391,43580,43709,45042,45207,45990,46031,46291,47645,47941,49550,51416,51650,51879,54521,54667,54767,54895,56695,57451,59404,61695,61910,62056,62840,63435,63682,64004,65143,68042,68174,68201,69090,70205,72638,72767,72827,74774,76250,77787,78472,78842,78955,81592,82281,82719
45,75009,27244,33458,33548,33834,35316,35879,36939,38675,38898,39243,40174,41253,42246,42696,43860,43930,45211,45417,46131,46249,46651,47944,48098,49831,51666,51798,51994,54841,54892,54983,55079,56965,57588,59688,62017,62136,62248,62997,63603,63878,64299,65274,68252,68478,68525,69270,70477,72823,72971,73052,74927,76500,77982,78727,79050,79277,81952,82566,83003
