,stw,sto,sth,att,Bus0_AOD,Bus1_AOD,Bus2_AOD,Bus3_AOD,Bus4_AOD,Bus5_AOD
0,249.68686868686868,14.923856332703213,29.791666666666668,1472.5113636363637,209,165,171,168,167,178
1,198.43478260869566,12.079983922829582,23.041666666666668,1469.3764705882354,139,161,158,150,154,171
2,227.5976331360947,8.39979091995221,33.416666666666664,1498.6666666666667,129,147,143,124,143,151
3,232.22641509433961,6.1459902160171485,34.09722222222222,1582.4817518248176,124,140,149,127,144,107
4,221.02189781021897,4.452445652173913,59.02777777777777,1569.4464285714287,118,134,142,121,143,110
5,231.6710816777042,2.772727272727273,65.16666666666667,1562.6640826873386,112,147,142,114,84,105
6,263.73447204968943,2.7114624505928857,38.90277777777778,1549.3962962962962,151,228,195,175,120,143
7,450.6295081967213,2.2053116100404004,9.38888888888889,1721.6941176470589,231,313,288,205,191,210
8,298.53691275167785,1.1461349358098878,20.166666666666668,1565.0,270,320,309,225,210,235
9,223.1685393258427,1.2396387184730746,28.569444444444443,1440.7272727272727,268,314,215,222,211,237
10,245.06451612903226,0.9730253353204175,34.88888888888889,1519.0657894736842,253,272,196,207,202,212
11,205.83116883116884,1.4019909825454224,23.166666666666668,1480.4782608695652,234,186,189,188,185,197
0,238.51041666666666,15.614166666666668,16.11111111111111,1568.7701149425288,203,161,177,168,163,184
1,228.3877551020408,12.518678160919542,30.194444444444443,1488.0454545454545,145,156,161,154,148,164
2,227.46896551724137,9.258155397390272,38.27777777777778,1549.7480916030534,141,149,141,135,128,149
3,220.46067415730337,5.99113158652462,37.041666666666664,1657.26,145,141,115,126,121,107
4,206.55757575757576,4.473538511643054,63.25,1552.0214285714285,149,154,119,141,136,102
5,234.63021868787277,2.799864314789688,69.88888888888889,1613.751740139211,133,156,124,150,88,86
6,304.55919003115264,2.4994246260069053,23.86111111111111,1581.8260038240917,211,211,188,215,137,144
7,1310.025,2.297152968685816,12.25,2385.826923076923,258,299,300,217,213,220
8,325.4347826086956,2.0806397306397306,14.180555555555555,1641.674074074074,267,315,233,220,228,222
9,229.69565217391303,1.8483027834351662,36.361111111111114,1403.764705882353,265,305,236,215,228,224
10,226.3960396039604,2.005278592375366,31.930555555555557,1547.578313253012,250,279,224,204,205,202
11,233.42372881355934,1.9757085020242917,28.597222222222218,1651.2549019607843,242,182,198,186,188,200
0,230.7764705882353,15.21068119891008,19.680555555555557,1615.3287671232877,226,187,162,181,172,173
1,217.86666666666667,12.355205019441499,21.083333333333332,1494.6235294117646,157,161,153,163,155,154
2,201.57241379310344,9.424864183158713,23.388888888888886,1471.3846153846155,143,154,149,138,128,147
3,247.79393939393938,6.528171845385102,49.30555555555555,1476.0205479452054,135,140,141,133,122,86
4,232.07734806629836,4.192636838780082,56.263888888888886,1628.8819444444443,127,140,150,125,121,94
5,221.70240700218818,2.8943166100842452,75.93055555555556,1585.9115479115478,121,136,156,121,77,112
6,246.6471494607088,2.088048930740121,36.861111111111114,1509.111510791367,169,211,185,170,131,167
7,531.4677419354839,1.8057558630546355,16.90277777777778,1690.6446280991736,263,301,274,196,202,230
8,254.22784810126583,1.4249855653812258,23.027777777777775,1411.1653543307086,279,315,305,210,218,240
9,232.16814159292036,1.3117426820966642,15.319444444444445,1481.6534653465346,280,311,222,209,214,233
10,233.92857142857142,1.4145461043602574,27.444444444444443,1494.952380952381,268,292,210,207,212,210
11,178.54285714285714,1.6463679860809048,18.88888888888889,1314.873015873016,254,205,178,197,193,183
0,231.6206896551724,14.76378787878788,13.319444444444445,1496.2567567567567,205,160,164,179,182,166
1,219.00925925925927,12.543028322440087,32.94444444444445,1437.6262626262626,133,146,151,164,167,157
2,222.44295302013424,9.663379737045632,42.19444444444445,1621.2142857142858,135,126,140,149,168,144
3,231.80526315789473,7.349080792100813,55.30555555555555,1631.4940476190477,136,128,128,152,149,104
4,242.94285714285715,5.289452981591232,63.444444444444436,1551.5972222222222,140,139,137,156,149,108
5,231.300796812749,3.4638025160218366,64.22222222222221,1566.8066666666666,147,142,126,146,101,104
6,288.3141447368421,2.5612577386770936,35.40277777777778,1637.6131528046421,214,217,187,221,143,134
7,694.9530685920578,2.2466158644416585,12.763888888888891,1947.3856502242152,252,296,276,223,225,209
8,246.20833333333334,1.7785623755205504,5.541666666666667,1468.4344262295083,272,305,295,240,240,226
9,231.25510204081633,1.7335664335664336,13.972222222222221,1301.344827586207,267,281,200,234,229,219
10,234.22784810126583,1.7034727408513817,19.180555555555554,1613.4328358208954,258,256,183,211,217,214
11,219.8846153846154,1.5800269905533062,22.666666666666668,1563.5967741935483,233,173,179,192,196,197
0,213.7439024390244,14.866704653371322,26.222222222222225,1490.1285714285714,202,177,154,165,177,178
1,217.85714285714286,12.474044468945243,40.75,1476.4545454545455,131,165,133,152,161,165
2,220.5527950310559,9.344568722289399,34.916666666666664,1514.192857142857,121,156,107,144,151,148
3,212.79754601226995,6.705663985600989,35.708333333333336,1534.0344827586207,123,153,114,136,145,102
4,233.69791666666666,4.597727144230227,67.2361111111111,1568.5421686746988,123,153,120,134,137,102
5,229.13763440860214,3.430996714129245,77.20833333333333,1610.319095477387,130,143,125,127,100,122
6,261.0809968847352,3.101200686106347,33.74999999999999,1504.64161849711,164,193,170,202,144,187
7,595.6404833836858,2.0271737363887534,30.472222222222225,1736.8366533864541,255,292,268,206,204,240
8,321.0,1.646655518394649,31.222222222222225,1562.686567164179,280,320,210,220,225,240
9,248.1881188118812,1.806297315898142,23.652777777777775,1542.6153846153845,277,299,201,213,230,233
10,231.12857142857143,1.329210134128167,18.555555555555554,1386.774193548387,255,280,190,204,202,211
11,248.12820512820514,1.3460422710319104,27.861111111111114,1619.323076923077,231,183,170,176,193,190
0,219.30208333333334,15.738347978910367,29.486111111111114,1456.2278481012659,213,185,198,177,180,185
1,231.54,13.433333333333335,24.694444444444443,1730.1888888888889,144,176,187,160,160,173
2,257.10769230769233,10.145488790885706,36.083333333333336,1556.8793103448277,135,166,166,151,137,152
3,238.3658536585366,7.733053422462848,45.166666666666664,1593.3194444444443,123,152,160,152,108,92
4,227.75496688741723,5.334383261150796,40.97222222222222,1521.1615384615384,117,141,159,144,117,95
5,221.29708737864078,3.8864280195724947,73.75,1552.567032967033,112,135,156,124,79,100
6,319.1477987421384,2.4536990011850346,41.94444444444445,1684.3824626865671,187,218,211,182,121,155
7,516.5805369127517,2.484883871804853,20.472222222222225,1781.239837398374,243,303,306,211,187,218
8,293.9294871794872,1.4176009644364076,28.76388888888889,1603.9776119402984,279,304,320,232,213,232
9,201.9578947368421,1.5097701149425289,11.347222222222221,1337.0595238095239,272,295,240,232,213,227
10,220.6818181818182,1.1682148040638607,28.041666666666668,1489.112676056338,252,274,214,220,207,211
11,217.8641975308642,1.4301504974066828,29.5,1419.6666666666667,232,195,210,204,190,207
0,206.632183908046,14.805581395348836,37.94444444444444,1518.92,191,184,172,181,175,172
1,221.1494252873563,12.697086432872828,22.458333333333332,1367.6944444444443,139,167,155,170,158,152
2,222.83766233766235,9.99168634395907,28.0,1736.4761904761904,134,153,146,146,137,131
3,234.96226415094338,6.920234539218941,27.083333333333332,1421.2189781021898,137,147,130,141,135,96
4,226.79245283018867,4.397515527950311,52.819444444444436,1597.8248175182482,134,139,131,128,127,104
5,227.2901098901099,2.251048951048951,75.84722222222223,1608.3589108910892,137,137,124,126,89,102
6,259.6107594936709,2.2197777973723656,43.69444444444445,1620.6539923954372,191,200,168,177,128,167
7,333.68120805369125,1.5206437145495317,18.069444444444443,1584.7460317460318,274,288,267,187,203,225
8,248.42222222222222,0.933850463262228,24.347222222222225,1500.6491228070176,282,302,288,224,223,228
9,244.47619047619048,1.166140350877193,26.13888888888889,1514.319587628866,267,288,206,225,221,218
10,220.375,1.2066149297856616,24.305555555555554,1492.5692307692307,249,272,200,222,200,210
11,216.85454545454544,1.2080200501253133,26.930555555555554,1483.8958333333333,223,198,194,204,189,189
0,196.69565217391303,15.336322869955156,26.194444444444443,1440.1463414634147,222,177,170,186,174,186
1,233.32467532467533,12.65283540802213,33.44444444444445,1534.5942028985507,152,173,150,161,157,171
2,210.42635658914728,9.64383294301327,24.48611111111111,1554.896551724138,139,151,128,144,136,156
3,210.8131868131868,6.596289403936165,53.083333333333336,1526.182389937107,123,145,124,137,138,104
4,224.26455026455025,3.1718101733447,50.90277777777778,1565.5878787878787,120,137,126,135,135,112
5,215.97270955165692,2.0754885041474136,90.33333333333333,1546.3507972665147,123,150,114,139,148,107
6,278.86165413533837,1.4805135067324577,21.791666666666668,1584.520069808028,176,200,175,211,167,158
7,764.9726962457338,1.2978829080523993,17.98611111111111,2036.061224489796,274,290,265,236,233,236
8,247.15286624203821,0.7830818553486866,6.958333333333333,1516.1904761904761,288,305,306,240,240,240
9,253.07692307692307,0.8294274300932091,21.430555555555557,1562.0537634408602,277,300,228,234,223,240
10,226.97826086956522,0.7868715083798883,18.11111111111111,1496.6533333333334,268,289,219,223,211,222
11,197.89285714285714,1.0840608630581192,22.736111111111114,1547.0,253,202,199,209,196,207
0,224.7029702970297,14.213025936599422,37.138888888888886,1403.3777777777777,194,174,162,157,180,174
1,259.390243902439,11.714912280701755,47.666666666666664,1601.3243243243244,130,149,152,153,166,162
2,226.44848484848484,9.336562115621156,28.541666666666668,1566.6029411764705,121,144,130,126,144,148
3,236.4611111111111,6.5288974945725515,32.73611111111111,1581.05421686747,124,143,128,122,137,87
4,228.49382716049382,4.50192481884058,55.638888888888886,1612.15503875969,136,147,127,129,134,95
5,227.38653846153846,3.3774104683195594,76.31944444444444,1619.078475336323,124,147,139,115,107,94
6,298.0907643312102,2.6453889071217587,32.083333333333336,1531.77969348659,193,224,205,192,154,140
7,756.1656050955414,1.5901258162127725,13.708333333333334,1701.6981981981983,285,278,287,204,224,217
8,225.86986301369862,1.0762088029567183,23.402777777777775,1587.4545454545455,276,291,307,222,236,227
9,222.29545454545453,1.0235600277585013,23.875,1576.219512195122,262,290,215,219,232,223
10,220.8395061728395,0.9440520446096654,23.527777777777775,1401.2753623188405,245,274,205,202,219,200
11,273.5625,0.9398233345601764,21.402777777777775,1521.9818181818182,221,185,179,180,191,188
0,196.74311926605503,14.731270718232043,24.722222222222225,1483.8958333333333,234,160,163,167,188,174
1,237.61818181818182,11.677672955974844,22.430555555555557,1650.1122448979593,156,150,148,165,178,157
2,241.35862068965517,9.093630816170863,28.986111111111114,1561.6495726495727,152,133,135,143,160,151
3,236.68715083798884,8.001582946390881,29.277777777777775,1586.811320754717,141,139,142,140,154,108
4,225.975,5.0237958864878935,69.79166666666666,1560.5118110236222,147,143,139,146,143,117
5,220.0164271047228,3.144573222262465,81.7361111111111,1570.860465116279,141,150,130,126,89,117
6,307.66185897435895,2.6511550606614587,29.513888888888886,1628.414,205,212,201,173,124,179
7,592.0184615384616,1.8665115978548814,6.083333333333333,1727.7791666666667,272,278,294,197,197,236
8,303.67080745341616,1.0463492063492064,23.902777777777782,1508.282258064516,284,291,305,221,234,240
9,260.6296296296296,0.9795717199184228,36.49999999999999,1424.3777777777777,282,290,216,218,226,239
10,211.65822784810126,1.1669430425378515,43.09722222222222,1682.5352112676057,272,264,204,198,221,228
11,226.29577464788733,1.025110653402866,24.944444444444446,1551.7894736842106,249,171,187,192,203,199
0,231.3975903614458,15.728514664143802,39.166666666666664,1720.125,192,183,175,156,169,182
1,226.98058252427185,13.410014781965998,22.013888888888886,1520.9278350515465,124,150,157,135,164,172
2,256.30555555555554,9.970352564102566,24.527777777777775,1645.6929133858268,113,140,148,119,151,161
3,223.45294117647057,7.616539668310174,43.47222222222222,1637.18954248366,118,137,144,118,139,120
4,219.6813186813187,4.355100442056965,58.444444444444436,1604.0728476821191,128,136,132,126,133,122
5,224.9593147751606,3.280867498514557,69.59722222222221,1577.3995098039215,132,149,126,129,97,132
6,329.60088365243007,4.049127640036731,38.125,1574.7643884892086,200,199,169,182,139,200
7,512.0144404332129,1.9979949874686718,5.611111111111111,1692.8608695652174,273,310,271,211,219,236
8,416.0632911392405,1.4189520224651975,21.861111111111114,1574.970802919708,275,320,300,225,234,240
9,231.17021276595744,1.9272727272727272,32.63888888888889,1584.4756097560976,269,317,219,218,233,240
10,248.5064935064935,2.1515228426395936,16.791666666666668,1614.7910447761194,235,294,205,206,212,227
11,246.06349206349208,2.449648089947324,25.180555555555554,1520.8727272727272,216,203,184,188,193,205
0,224.9506172839506,15.32531573986805,6.055555555555556,1498.4383561643835,198,175,146,185,174,183
1,225.4404761904762,12.43916575392479,34.02777777777778,1562.948051948052,137,156,130,165,163,162
2,218.07453416149067,8.208848372476307,29.402777777777782,1571.9384615384615,140,143,115,137,138,136
3,221.90967741935484,5.242303172737956,36.25000000000001,1631.8396946564885,123,130,115,134,144,94
4,228.83229813664596,3.806011088415523,68.06944444444444,1514.089552238806,126,129,119,129,145,97
5,226.40582524271844,2.1777331085462333,83.59722222222221,1630.560090702948,127,124,118,125,98,109
6,254.34776119402986,2.1214395360736824,39.25000000000001,1506.5080213903743,181,177,195,197,153,163
7,761.2083333333334,1.675370545569221,14.083333333333334,1939.1591836734694,256,282,287,218,239,228
8,273.7687074829932,1.1351175706014422,10.430555555555555,1527.6612903225807,278,315,299,240,240,240
9,242.91666666666666,1.0755047106325704,15.652777777777779,1384.371794871795,273,310,206,233,233,231
10,204.62857142857143,1.5525089605734765,23.944444444444446,1386.232142857143,252,293,185,222,217,226
11,238.859375,1.7470555000217305,30.277777777777775,1506.7735849056603,222,203,166,214,193,213
0,226.5487804878049,14.901594202898549,19.666666666666664,1475.3026315789473,220,154,176,178,181,195
1,244.16455696202533,12.681538328130419,47.13888888888889,1406.8923076923077,161,133,160,166,169,172
2,233.98684210526315,10.320029239766082,38.458333333333336,1569.192,135,122,142,146,157,153
3,229.55696202531647,7.851548735436202,29.097222222222218,1709.8260869565217,127,119,128,143,145,103
4,225.75280898876406,6.218013230055973,60.25,1697.532894736842,147,107,129,143,133,110
5,225.77495107632095,4.215467932335403,70.30555555555556,1576.8970251716248,146,112,134,145,103,107
6,292.41248097412483,2.7783420031376425,39.041666666666664,1624.0204460966543,186,171,212,209,162,161
7,675.0353697749196,1.9368881285048951,17.874999999999996,1705.2328767123288,268,260,285,221,234,235
8,244.22556390977442,1.079645485954634,20.291666666666664,1408.6842105263158,287,285,301,234,239,239
9,250.0,0.9269124741557547,36.19444444444445,1490.5445544554455,285,276,209,222,230,229
10,237.66,1.3438181818181818,32.22222222222222,1507.0229885057472,274,258,200,208,212,223
11,225.19565217391303,1.1694363691586758,27.555555555555554,1509.4868421052631,250,166,193,196,201,207
0,222.79268292682926,14.573831775700935,8.38888888888889,1552.264705882353,221,164,181,161,175,168
1,238.09195402298852,11.632331106161843,31.930555555555557,1391.857142857143,136,144,154,148,166,150
2,222.06923076923076,8.985261117911058,41.40277777777778,1452.4954128440368,131,132,139,142,144,129
3,239.18987341772151,6.131752305665349,31.347222222222225,1556.4710144927535,113,129,135,133,138,78
4,228.94054054054055,3.886493727925953,60.708333333333336,1500.541935483871,106,121,137,128,148,74
5,219.51540041067761,2.5671592558385012,53.611111111111114,1578.2589073634203,107,126,145,124,95,92
6,272.00621118012424,2.4060285239303525,41.36111111111111,1561.6493506493507,164,181,226,181,144,143
7,409.72929936305735,1.705128205128205,20.84722222222222,1596.1380597014925,267,256,304,194,209,226
8,238.68571428571428,0.9948161543098253,11.430555555555555,1472.0350877192982,278,292,311,221,238,240
9,238.67619047619047,0.9157676348547718,20.444444444444443,1517.3118279569892,271,282,221,220,227,225
10,219.1375,0.8280308596620133,23.23611111111111,1636.231884057971,259,267,211,210,208,206
11,211.2972972972973,1.051832111925383,41.56944444444445,1434.3030303030303,238,181,192,188,197,189
0,216.0,15.407563499529632,23.791666666666668,1544.3181818181818,213,161,186,169,161,173
1,240.34920634920636,12.217917123037603,35.51388888888889,1475.7636363636364,151,134,155,156,159,158
2,214.08843537414967,9.640245158632055,29.305555555555557,1579.1,128,110,140,145,143,143
3,232.06214689265536,6.936710362417698,36.97222222222222,1526.9483870967742,134,117,130,130,130,92
4,218.03225806451613,4.561604239431531,78.3888888888889,1582.0661157024792,137,114,126,127,125,93
5,218.4384133611691,2.6672126672126675,69.06944444444444,1571.5745192307693,119,122,122,124,87,92
6,262.34901365705616,1.867588932806324,17.97222222222222,1579.7238267148014,177,185,177,175,144,154
7,1151.8358208955224,2.0365553830227743,11.083333333333334,2247.774891774892,257,291,304,187,208,225
8,405.0700636942675,1.674386219840766,22.277777777777782,1744.0,274,299,314,225,221,240
9,225.0,1.84331983805668,23.01388888888889,1592.921052631579,271,296,232,225,218,240
10,239.7922077922078,1.8351906158357771,21.180555555555557,1225.7619047619048,258,278,213,209,191,215
11,216.26923076923077,1.9238540609696915,16.666666666666668,1565.3636363636363,240,185,204,197,176,191
0,245.44329896907217,14.373711048158642,32.208333333333336,1605.345238095238,205,183,159,168,183,161
1,250.5531914893617,12.061023264267536,36.34722222222222,1599.3048780487804,129,175,159,148,161,145
2,239.53125,9.978799451625536,38.625,1600.9929078014184,125,164,136,133,151,142
3,228.92638036809817,7.6637177689071105,39.333333333333336,1570.5664335664335,131,159,134,135,154,93
4,235.66666666666666,5.156124039340034,68.19444444444444,1602.9924812030076,131,157,137,145,144,95
5,228.28177966101694,3.9489011648853123,70.16666666666667,1514.2536231884058,127,158,134,141,104,93
6,280.13828238719066,2.8571671773918963,29.38888888888889,1613.8344827586207,188,191,197,194,158,140
7,850.7981072555204,1.8249576510446073,12.75,1947.7577092511012,269,291,301,222,218,217
8,269.8251748251748,0.8844045396627845,12.388888888888888,1491.5655737704917,283,315,312,228,237,232
9,232.54166666666666,0.8055404486743715,24.611111111111114,1532.3372093023256,271,309,222,220,229,220
10,226.55555555555554,1.1549418604651165,37.23611111111111,1480.55,252,285,205,211,219,204
11,244.32876712328766,1.2548289916710968,25.25,1721.5483870967741,232,195,179,196,201,185
0,227.925,14.844651162790699,19.09722222222222,1588.1323529411766,213,169,165,159,165,204
1,211.95744680851064,12.571877309682185,30.055555555555554,1605.1704545454545,132,154,156,136,143,181
2,230.08333333333334,8.93032212885154,29.041666666666668,1591.860294117647,124,145,135,124,137,168
3,225.06134969325154,6.526933935629589,54.875,1615.85,137,132,136,123,133,109
4,217.44736842105263,4.380984604973778,66.125,1511.3354430379748,144,130,137,128,127,105
5,227.96,3.30783741024705,76.29166666666667,1613.0755148741418,137,145,145,131,93,96
6,350.4,2.947820672478207,27.777777777777782,1637.264650283554,192,205,214,212,144,128
7,1472.9540229885058,1.8051550895587594,8.61111111111111,2296.304761904762,261,289,300,228,229,219
8,293.6794871794872,1.0274152214077117,13.166666666666666,1544.016,284,300,307,236,231,240
9,225.34831460674158,1.2317204301075269,15.611111111111112,1611.890410958904,275,295,220,236,223,239
10,237.13924050632912,1.0914420975965036,23.541666666666668,1624.1940298507463,258,269,204,209,203,230
11,231.5068493150685,1.14049955396967,30.61111111111111,1532.7384615384615,239,184,183,175,186,213
0,241.67088607594937,15.036441281138789,32.38888888888889,1627.1014492753623,238,167,176,188,159,196
1,229.8,12.7231520223152,17.27777777777778,1523.698795180723,157,142,160,173,141,183
2,229.44055944055944,9.379832347140038,36.68055555555556,1581.8842975206612,138,129,150,149,125,154
3,222.8896551724138,7.172164890317489,37.09722222222222,1681.53125,126,131,154,144,127,89
4,235.6984126984127,4.998312088935452,62.34722222222222,1524.4662576687117,128,122,145,143,130,79
5,228.90689013035382,3.106833435021354,73.125,1580.2780172413793,123,132,151,139,104,96
6,279.86908517350156,3.1019198193111235,22.902777777777775,1575.0812854442345,203,185,223,219,164,133
7,550.6282894736842,1.8848283499446286,13.194444444444443,1786.7948717948718,274,281,295,233,217,205
8,277.82068965517243,1.3611387556922707,31.958333333333332,1542.8595041322315,285,294,297,240,226,237
9,243.2,1.4270491803278686,28.416666666666668,1547.8539325842696,275,277,211,240,223,238
10,250.5,1.3530846484935435,33.84722222222222,1565.9180327868853,268,274,187,231,208,226
11,228.76470588235293,1.2478998799931422,28.5,1601.8709677419354,255,183,180,211,186,213
0,220.3,14.845543071161048,35.02777777777778,1493.078947368421,195,161,197,159,171,185
1,224.55555555555554,12.14927536231884,37.77777777777778,1570.2025316455697,123,154,174,149,159,161
2,231.06,8.833333333333332,24.791666666666668,1638.3471074380166,108,141,160,126,143,154
3,226.32704402515722,6.428349600709849,48.34722222222223,1502.6567164179105,120,134,160,128,135,107
4,231.5375,4.483345712163629,63.388888888888886,1543.6592592592592,121,133,140,131,134,102
5,233.63771186440678,2.491477272727273,64.90277777777779,1581.985576923077,119,127,132,129,97,100
6,237.3751937984496,1.9497607655502391,40.13888888888889,1510.6098484848485,176,180,187,203,143,156
7,266.9129032258065,1.47355230180715,17.652777777777775,1560.9358490566037,244,274,280,219,215,212
8,251.16774193548386,1.1502012072434609,17.23611111111111,1541.7021276595744,263,302,229,239,230,228
9,212.85106382978722,0.9693220338983051,28.166666666666668,1473.4074074074074,267,296,235,222,226,229
10,203.39240506329114,1.067948717948718,28.666666666666668,1497.486111111111,247,260,225,201,205,227
11,200.44444444444446,1.0529874983316279,26.472222222222225,1332.2727272727273,213,181,209,185,192,203
0,201.62135922330097,14.766049495875343,31.986111111111114,1357.9444444444443,209,176,175,164,180,187
1,251.30434782608697,11.569620253164556,31.833333333333332,1620.2435897435898,149,167,147,157,156,172
2,204.71621621621622,9.35244648318043,27.416666666666668,1555.8790322580646,145,146,136,140,143,162
3,233.60693641618496,6.68356888553242,45.569444444444436,1576.0263157894738,147,148,141,130,138,102
4,226.41509433962264,4.490443445773999,48.444444444444436,1576.2857142857142,143,155,146,132,130,97
5,224.66938775510204,2.9144242424242415,81.36111111111111,1515.8402777777778,135,136,145,139,105,90
6,247.58548387096775,2.4274563820018367,17.36111111111111,1579.8219696969697,175,189,215,208,164,138
7,587.3754266211604,1.513307735223655,10.513888888888888,1818.1726907630523,246,279,286,202,226,212
8,275.7378048780488,1.0919665576154123,15.694444444444445,1567.4057971014493,268,301,294,229,240,240
9,243.6235294117647,0.8724043715846996,15.027777777777777,1576.0,273,297,204,222,229,239
10,246.2674418604651,0.7759148618371917,19.291666666666668,1722.6666666666667,253,260,189,203,212,222
11,242.85,0.8778211513438325,24.666666666666668,1356.641791044776,229,189,186,178,190,201
