metric,stop,method,value
AWT,1,NH,284.753
AWT,2,NH,321.311
AWT,3,NH,286.807
AWT,4,NH,243.093
AWT,5,NH,259.233
AWT,6,NH,269.457
AWT,7,NH,333.762
AWT,8,NH,458.816
AWT,9,NH,283.383
AWT,10,NH,300.924
AWT,11,NH,275.211
AWT,12,NH,251.566
AWT,1,HH,263.158
AWT,2,HH,263.158
AWT,3,HH,252.632
AWT,4,HH,242.105
AWT,5,HH,226.316
AWT,6,HH,221.053
AWT,7,HH,447.368
AWT,8,HH,810.526
AWT,9,HH,268.421
AWT,10,HH,226.316
AWT,11,HH,215.789
AWT,12,HH,221.053
AWT,1,SH,384.211
AWT,2,SH,363.158
AWT,3,SH,410.526
AWT,4,SH,426.316
AWT,5,SH,384.211
AWT,6,SH,510.526
AWT,7,SH,1226.316
AWT,8,SH,1657.895
AWT,9,SH,521.053
AWT,10,SH,415.789
AWT,11,SH,378.947
AWT,12,SH,373.684
AWT,1,FH,257.895
AWT,2,FH,257.895
AWT,3,FH,247.368
AWT,4,FH,252.632
AWT,5,FH,252.632
AWT,6,FH,294.737
AWT,7,FH,778.947
AWT,8,FH,1305.263
AWT,9,FH,347.368
AWT,10,FH,273.684
AWT,11,FH,236.842
AWT,12,FH,236.842
AWT,1,BH,236.842
AWT,2,BH,242.105
AWT,3,BH,252.632
AWT,4,BH,242.105
AWT,5,BH,236.842
AWT,6,BH,252.632
AWT,7,BH,626.316
AWT,8,BH,1321.053
AWT,9,BH,357.895
AWT,10,BH,247.368
AWT,11,BH,242.105
AWT,12,BH,247.368
AWT,1,MAPPO,210.526
AWT,2,MAPPO,210.526
AWT,3,MAPPO,221.053
AWT,4,MAPPO,226.316
AWT,5,MAPPO,210.526
AWT,6,MAPPO,221.053
AWT,7,MAPPO,273.684
AWT,8,MAPPO,678.947
AWT,9,MAPPO,263.158
AWT,10,MAPPO,231.579
AWT,11,MAPPO,210.526
AWT,12,MAPPO,205.263
AWT,1,improved_MAPPO,200.0
AWT,2,improved_MAPPO,194.737
AWT,3,improved_MAPPO,210.526
AWT,4,improved_MAPPO,200.0
AWT,5,improved_MAPPO,200.0
AWT,6,improved_MAPPO,194.737
AWT,7,improved_MAPPO,231.579
AWT,8,improved_MAPPO,500.0
AWT,9,improved_MAPPO,257.895
AWT,10,improved_MAPPO,205.263
AWT,11,improved_MAPPO,200.0
AWT,12,improved_MAPPO,200.0
AHT,1,NH,0.0
AHT,2,NH,0.0
AHT,3,NH,0.0
AHT,4,NH,0.0
AHT,5,NH,0.0
AHT,6,NH,0.0
AHT,7,NH,0.0
AHT,8,NH,0.0
AHT,9,NH,0.0
AHT,10,NH,0.0
AHT,11,NH,0.0
AHT,12,NH,0.0
AHT,1,HH,45.19
AHT,2,HH,51.646
AHT,3,HH,73.671
AHT,4,HH,101.013
AHT,5,HH,111.646
AHT,6,HH,97.975
AHT,7,HH,41.392
AHT,8,HH,1.519
AHT,9,HH,0.0
AHT,10,HH,0.0
AHT,11,HH,0.0
AHT,12,HH,0.0
AHT,1,SH,52.785
AHT,2,SH,121.899
AHT,3,SH,51.646
AHT,4,SH,115.443
AHT,5,SH,51.266
AHT,6,SH,114.684
AHT,7,SH,42.532
AHT,8,SH,90.38
AHT,9,SH,80.506
AHT,10,SH,91.519
AHT,11,SH,78.228
AHT,12,SH,95.316
AHT,1,FH,57.722
AHT,2,FH,59.241
AHT,3,FH,57.722
AHT,4,FH,57.722
AHT,5,FH,58.101
AHT,6,FH,58.861
AHT,7,FH,58.481
AHT,8,FH,57.722
AHT,9,FH,56.962
AHT,10,FH,58.101
AHT,11,FH,56.582
AHT,12,FH,56.582
AHT,1,BH,55.063
AHT,2,BH,58.101
AHT,3,BH,57.722
AHT,4,BH,57.722
AHT,5,BH,58.481
AHT,6,BH,56.962
AHT,7,BH,57.722
AHT,8,BH,56.962
AHT,9,BH,56.582
AHT,10,BH,59.241
AHT,11,BH,56.962
AHT,12,BH,56.582
AHT,1,MAPPO,21.646
AHT,2,MAPPO,30.759
AHT,3,MAPPO,30.38
AHT,4,MAPPO,38.354
AHT,5,MAPPO,58.101
AHT,6,MAPPO,69.114
AHT,7,MAPPO,31.139
AHT,8,MAPPO,14.051
AHT,9,MAPPO,17.089
AHT,10,MAPPO,23.544
AHT,11,MAPPO,25.063
AHT,12,MAPPO,24.684
AHT,1,improved_MAPPO,8.354
AHT,2,improved_MAPPO,17.848
AHT,3,improved_MAPPO,15.19
AHT,4,improved_MAPPO,23.544
AHT,5,improved_MAPPO,48.608
AHT,6,improved_MAPPO,61.899
AHT,7,improved_MAPPO,12.532
AHT,8,improved_MAPPO,7.215
AHT,9,improved_MAPPO,7.975
AHT,10,improved_MAPPO,10.253
AHT,11,improved_MAPPO,7.595
AHT,12,improved_MAPPO,8.734
ATT,1,NH,1322.97
ATT,2,NH,1546.05
ATT,3,NH,1443.359
ATT,4,NH,1529.288
ATT,5,NH,1519.368
ATT,6,NH,1527.489
ATT,7,NH,1603.842
ATT,8,NH,1598.42
ATT,9,NH,1443.485
ATT,10,NH,1385.978
ATT,11,NH,1469.828
ATT,12,NH,1323.623
ATT,1,HH,1718.519
ATT,2,HH,1688.889
ATT,3,HH,1728.395
ATT,4,HH,1619.753
ATT,5,HH,1550.617
ATT,6,HH,1520.988
ATT,7,HH,1649.383
ATT,8,HH,1777.778
ATT,9,HH,1422.222
ATT,10,HH,1422.222
ATT,11,HH,1422.222
ATT,12,HH,1491.358
ATT,1,SH,1807.407
ATT,2,SH,1866.667
ATT,3,SH,1925.926
ATT,4,SH,1955.556
ATT,5,SH,1886.42
ATT,6,SH,2014.815
ATT,7,SH,2429.63
ATT,8,SH,2646.914
ATT,9,SH,1925.926
ATT,10,SH,1896.296
ATT,11,SH,1718.519
ATT,12,SH,1846.914
ATT,1,FH,1580.247
ATT,2,FH,1609.877
ATT,3,FH,1649.383
ATT,4,FH,1590.123
ATT,5,FH,1570.37
ATT,6,FH,1649.383
ATT,7,FH,2074.074
ATT,8,FH,2311.111
ATT,9,FH,1629.63
ATT,10,FH,1560.494
ATT,11,FH,1550.617
ATT,12,FH,1550.617
ATT,1,BH,1560.494
ATT,2,BH,1649.383
ATT,3,BH,1679.012
ATT,4,BH,1649.383
ATT,5,BH,1580.247
ATT,6,BH,1629.63
ATT,7,BH,1955.556
ATT,8,BH,2360.494
ATT,9,BH,1659.259
ATT,10,BH,1580.247
ATT,11,BH,1550.617
ATT,12,BH,1619.753
ATT,1,MAPPO,1461.728
ATT,2,MAPPO,1461.728
ATT,3,MAPPO,1570.37
ATT,4,MAPPO,1520.988
ATT,5,MAPPO,1501.235
ATT,6,MAPPO,1511.111
ATT,7,MAPPO,1511.111
ATT,8,MAPPO,1817.284
ATT,9,MAPPO,1471.605
ATT,10,MAPPO,1422.222
ATT,11,MAPPO,1461.728
ATT,12,MAPPO,1441.975
ATT,1,improved_MAPPO,1412.346
ATT,2,improved_MAPPO,1501.235
ATT,3,improved_MAPPO,1520.988
ATT,4,improved_MAPPO,1491.358
ATT,5,improved_MAPPO,1481.481
ATT,6,improved_MAPPO,1471.605
ATT,7,improved_MAPPO,1461.728
ATT,8,improved_MAPPO,1649.383
ATT,9,improved_MAPPO,1422.222
ATT,10,improved_MAPPO,1362.963
ATT,11,improved_MAPPO,1432.099
ATT,12,improved_MAPPO,1412.346
AOD,1,NH,15.73
AOD,2,NH,13.801
AOD,3,NH,12.585
AOD,4,NH,10.476
AOD,5,NH,8.3
AOD,6,NH,7.677
AOD,7,NH,9.622
AOD,8,NH,7.431
AOD,9,NH,4.171
AOD,10,NH,3.925
AOD,11,NH,4.185
AOD,12,NH,3.765
AOD,1,HH,15.398
AOD,2,HH,12.361
AOD,3,HH,9.831
AOD,4,HH,7.446
AOD,5,HH,5.783
AOD,6,HH,4.699
AOD,7,HH,4.048
AOD,8,HH,2.169
AOD,9,HH,1.59
AOD,10,HH,1.59
AOD,11,HH,1.518
AOD,12,HH,1.59
AOD,1,SH,18.217
AOD,2,SH,14.819
AOD,3,SH,12.867
AOD,4,SH,12.434
AOD,5,SH,10.193
AOD,6,SH,10.265
AOD,7,SH,7.229
AOD,8,SH,2.675
AOD,9,SH,1.88
AOD,10,SH,1.88
AOD,11,SH,2.096
AOD,12,SH,2.386
AOD,1,FH,15.253
AOD,2,FH,12.361
AOD,3,FH,10.12
AOD,4,FH,7.446
AOD,5,FH,6.361
AOD,6,FH,5.711
AOD,7,FH,6.145
AOD,8,FH,2.458
AOD,9,FH,1.735
AOD,10,FH,1.663
AOD,11,FH,1.807
AOD,12,FH,1.735
AOD,1,BH,16.193
AOD,2,BH,12.651
AOD,3,BH,10.12
AOD,4,BH,7.807
AOD,5,BH,6.145
AOD,6,BH,5.494
AOD,7,BH,5.422
AOD,8,BH,2.241
AOD,9,BH,1.59
AOD,10,BH,1.59
AOD,11,BH,1.735
AOD,12,BH,1.807
AOD,1,MAPPO,14.53
AOD,2,MAPPO,11.855
AOD,3,MAPPO,9.036
AOD,4,MAPPO,6.506
AOD,5,MAPPO,4.337
AOD,6,MAPPO,2.747
AOD,7,MAPPO,2.024
AOD,8,MAPPO,1.807
AOD,9,MAPPO,1.229
AOD,10,MAPPO,1.229
AOD,11,MAPPO,1.229
AOD,12,MAPPO,1.301
AOD,1,improved_MAPPO,14.024
AOD,2,improved_MAPPO,11.422
AOD,3,improved_MAPPO,8.964
AOD,4,improved_MAPPO,6.289
AOD,5,improved_MAPPO,4.12
AOD,6,improved_MAPPO,2.458
AOD,7,improved_MAPPO,2.096
AOD,8,improved_MAPPO,1.446
AOD,9,improved_MAPPO,1.157
AOD,10,improved_MAPPO,1.157
AOD,11,improved_MAPPO,1.157
AOD,12,improved_MAPPO,1.157
