service_date,schedule_sequence,trip_id,route_id,service_id,direction_id,trip_headsign,shape_id,scheduled_origin_departure,scheduled_destination_arrival
20260817,1,5914106,87711,303.0.4,1,Murray Central Station,256022, 4:01:00, 4:40:00
20260817,2,5914107,87711,303.0.4,1,Murray Central Station,256022, 4:31:00, 5:10:00
20260817,3,5914108,87711,303.0.4,1,Murray Central Station,256022, 5:01:00, 5:40:00
20260817,4,5914109,87711,303.0.4,1,Murray Central Station,256022, 5:31:00, 6:10:00
20260817,5,5914173,87711,303.0.4,1,Murray Central Station,256022, 5:46:00, 6:25:00
20260817,6,5914110,87711,303.0.4,1,Murray Central Station,256022, 6:01:00, 6:40:00
20260817,7,5914111,87711,303.0.4,1,Murray Central Station,256022, 6:16:00, 6:55:00
20260817,8,5914112,87711,303.0.4,1,Murray Central Station,256022, 6:31:00, 7:10:00
20260817,9,5914113,87711,303.0.4,1,Murray Central Station,256022, 6:46:00, 7:25:00
20260817,10,5914114,87711,303.0.4,1,Murray Central Station,256022, 7:01:00, 7:40:00
20260817,11,5914115,87711,303.0.4,1,Murray Central Station,256022, 7:16:00, 7:55:00
20260817,12,5914116,87711,303.0.4,1,Murray Central Station,256022, 7:31:00, 8:10:00
20260817,13,5914117,87711,303.0.4,1,Murray Central Station,256022, 7:46:00, 8:25:00
20260817,14,5914118,87711,303.0.4,1,Murray Central Station,256022, 8:01:00, 8:40:00
20260817,15,5914119,87711,303.0.4,1,Murray Central Station,256022, 8:16:00, 8:55:00
20260817,16,5914120,87711,303.0.4,1,Murray Central Station,256022, 8:31:00, 9:10:00
20260817,17,5914121,87711,303.0.4,1,Murray Central Station,256022, 8:46:00, 9:25:00
20260817,18,5914122,87711,303.0.4,1,Murray Central Station,256022, 9:01:00, 9:40:00
20260817,19,5914123,87711,303.0.4,1,Murray Central Station,256022, 9:16:00, 9:55:00
20260817,20,5914124,87711,303.0.4,1,Murray Central Station,256022, 9:31:00,10:10:00
20260817,21,5914125,87711,303.0.4,1,Murray Central Station,256022, 9:46:00,10:25:00
20260817,22,5914126,87711,303.0.4,1,Murray Central Station,256022,10:01:00,10:40:00
20260817,23,5914127,87711,303.0.4,1,Murray Central Station,256022,10:16:00,10:55:00
20260817,24,5914128,87711,303.0.4,1,Murray Central Station,256022,10:31:00,11:10:00
20260817,25,5914129,87711,303.0.4,1,Murray Central Station,256022,10:46:00,11:25:00
20260817,26,5914130,87711,303.0.4,1,Murray Central Station,256022,11:01:00,11:40:00
20260817,27,5914131,87711,303.0.4,1,Murray Central Station,256022,11:16:00,11:55:00
20260817,28,5914132,87711,303.0.4,1,Murray Central Station,256022,11:31:00,12:10:00
20260817,29,5914133,87711,303.0.4,1,Murray Central Station,256022,11:46:00,12:25:00
20260817,30,5914134,87711,303.0.4,1,Murray Central Station,256022,12:01:00,12:40:00
20260817,31,5914135,87711,303.0.4,1,Murray Central Station,256022,12:16:00,12:55:00
20260817,32,5914136,87711,303.0.4,1,Murray Central Station,256022,12:31:00,13:10:00
20260817,33,5914137,87711,303.0.4,1,Murray Central Station,256022,12:46:00,13:25:00
20260817,34,5914138,87711,303.0.4,1,Murray Central Station,256022,13:01:00,13:40:00
20260817,35,5914139,87711,303.0.4,1,Murray Central Station,256022,13:16:00,13:55:00
20260817,36,5914140,87711,303.0.4,1,Murray Central Station,256022,13:31:00,14:10:00
20260817,37,5914141,87711,303.0.4,1,Murray Central Station,256022,13:46:00,14:25:00
20260817,38,5914142,87711,303.0.4,1,Murray Central Station,256022,14:01:00,14:40:00
20260817,39,5914143,87711,303.0.4,1,Murray Central Station,256022,14:16:00,14:55:00
20260817,40,5914144,87711,303.0.4,1,Murray Central Station,256022,14:31:00,15:10:00
20260817,41,5914145,87711,303.0.4,1,Murray Central Station,256022,14:46:00,15:25:00
20260817,42,5914146,87711,303.0.4,1,Murray Central Station,256022,15:01:00,15:41:00
20260817,43,5914147,87711,303.0.4,1,Murray Central Station,256022,15:16:00,15:56:00
20260817,44,5914148,87711,303.0.4,1,Murray Central Station,256022,15:31:00,16:11:00
20260817,45,5914149,87711,303.0.4,1,Murray Central Station,256022,15:46:00,16:26:00
20260817,46,5914150,87711,303.0.4,1,Murray Central Station,256022,16:01:00,16:41:00
20260817,47,5914151,87711,303.0.4,1,Murray Central Station,256022,16:16:00,16:56:00
20260817,48,5914152,87711,303.0.4,1,Murray Central Station,256022,16:31:00,17:11:00
20260817,49,5914153,87711,303.0.4,1,Murray Central Station,256022,16:46:00,17:26:00
20260817,50,5914154,87711,303.0.4,1,Murray Central Station,256022,17:01:00,17:41:00
20260817,51,5914155,87711,303.0.4,1,Murray Central Station,256022,17:16:00,17:56:00
20260817,52,5914156,87711,303.0.4,1,Murray Central Station,256022,17:31:00,18:11:00
20260817,53,5914157,87711,303.0.4,1,Murray Central Station,256022,17:46:00,18:26:00
20260817,54,5914158,87711,303.0.4,1,Murray Central Station,256022,18:01:00,18:41:00
20260817,55,5914159,87711,303.0.4,1,Murray Central Station,256022,18:16:00,18:56:00
20260817,56,5914160,87711,303.0.4,1,Murray Central Station,256022,18:31:00,19:11:00
20260817,57,5914161,87711,303.0.4,1,Murray Central Station,256022,18:46:00,19:26:00
20260817,58,5914162,87711,303.0.4,1,Murray Central Station,256022,19:01:00,19:40:00
20260817,59,5914174,87711,303.0.4,1,Murray Central Station,256022,19:16:00,19:55:00
20260817,60,5914163,87711,303.0.4,1,Murray Central Station,256022,19:31:00,20:10:00
20260817,61,5914164,87711,303.0.4,1,Murray Central Station,256022,20:01:00,20:40:00
20260817,62,5914165,87711,303.0.4,1,Murray Central Station,256022,20:31:00,21:10:00
20260817,63,5914166,87711,303.0.4,1,Murray Central Station,256022,21:01:00,21:40:00
20260817,64,5914167,87711,303.0.4,1,Murray Central Station,256022,21:31:00,22:10:00
20260817,65,5914168,87711,303.0.4,1,Murray Central Station,256022,22:01:00,22:40:00
20260817,66,5914169,87711,303.0.4,1,Murray Central Station,256022,22:31:00,23:10:00
20260817,67,5914170,87711,303.0.4,1,Murray Central Station,256022,23:01:00,23:40:00
20260817,68,5914171,87711,303.0.4,1,Murray Central Station,256022,23:31:00,24:10:00
20260817,69,5914172,87711,303.0.4,1,Murray Central Station,256022,24:01:00,24:40:00
