sample_index,route_distance_km,latitude,longitude,elevation_m,source
1,0.000000,40.6934760,-111.9600960,1298.079,USGS The National Map 3DEP
2,0.028400,40.6937180,-111.9601869,1298.162,USGS The National Map 3DEP
3,0.056799,40.6936016,-111.9603892,1298.220,USGS The National Map 3DEP
4,0.085199,40.6933968,-111.9601921,1298.369,USGS The National Map 3DEP
5,0.113599,40.6931825,-111.9600401,1298.237,USGS The National Map 3DEP
6,0.141998,40.6929400,-111.9600436,1298.424,USGS The National Map 3DEP
7,0.170398,40.6929400,-111.9597068,1298.400,USGS The National Map 3DEP
8,0.198797,40.6929400,-111.9593699,1298.375,USGS The National Map 3DEP
9,0.227197,40.6929400,-111.9590331,1298.335,USGS The National Map 3DEP
10,0.255597,40.6929400,-111.9586962,1298.297,USGS The National Map 3DEP
11,0.283996,40.6929400,-111.9583594,1298.318,USGS The National Map 3DEP
12,0.312396,40.6929400,-111.9580225,1298.729,USGS The National Map 3DEP
13,0.340796,40.6927320,-111.9579600,1298.902,USGS The National Map 3DEP
14,0.369195,40.6924766,-111.9579600,1298.923,USGS The National Map 3DEP
15,0.397595,40.6922212,-111.9579600,1298.909,USGS The National Map 3DEP
16,0.425995,40.6919658,-111.9579606,1298.928,USGS The National Map 3DEP
17,0.454394,40.6917105,-111.9579700,1299.057,USGS The National Map 3DEP
18,0.482794,40.6914551,-111.9579700,1299.106,USGS The National Map 3DEP
19,0.511194,40.6911997,-111.9579700,1299.208,USGS The National Map 3DEP
20,0.539593,40.6909443,-111.9579728,1299.267,USGS The National Map 3DEP
21,0.567993,40.6906889,-111.9579777,1299.359,USGS The National Map 3DEP
22,0.596392,40.6904335,-111.9579825,1299.401,USGS The National Map 3DEP
23,0.624792,40.6901782,-111.9579871,1299.499,USGS The National Map 3DEP
24,0.653192,40.6899228,-111.9579900,1299.564,USGS The National Map 3DEP
25,0.681591,40.6896674,-111.9579928,1299.640,USGS The National Map 3DEP
26,0.709991,40.6894120,-111.9579986,1299.715,USGS The National Map 3DEP
27,0.738391,40.6891566,-111.9580000,1299.850,USGS The National Map 3DEP
28,0.766790,40.6889012,-111.9580000,1299.972,USGS The National Map 3DEP
29,0.795190,40.6886458,-111.9580000,1300.108,USGS The National Map 3DEP
30,0.823590,40.6883904,-111.9580000,1300.310,USGS The National Map 3DEP
31,0.851989,40.6881350,-111.9580000,1300.561,USGS The National Map 3DEP
32,0.880389,40.6878796,-111.9580000,1300.810,USGS The National Map 3DEP
33,0.908788,40.6876242,-111.9580000,1301.039,USGS The National Map 3DEP
34,0.937188,40.6873688,-111.9580000,1301.259,USGS The National Map 3DEP
35,0.965588,40.6871134,-111.9580000,1301.466,USGS The National Map 3DEP
36,0.993987,40.6868580,-111.9580000,1301.631,USGS The National Map 3DEP
37,1.022387,40.6866026,-111.9580000,1301.868,USGS The National Map 3DEP
38,1.050787,40.6863472,-111.9580000,1302.061,USGS The National Map 3DEP
39,1.079186,40.6860918,-111.9580000,1302.164,USGS The National Map 3DEP
40,1.107586,40.6858364,-111.9580000,1302.384,USGS The National Map 3DEP
41,1.135986,40.6855810,-111.9580000,1302.536,USGS The National Map 3DEP
42,1.164385,40.6853256,-111.9580000,1302.761,USGS The National Map 3DEP
43,1.192785,40.6850702,-111.9580000,1303.032,USGS The National Map 3DEP
44,1.221185,40.6848148,-111.9580000,1303.363,USGS The National Map 3DEP
45,1.249584,40.6845594,-111.9579968,1303.669,USGS The National Map 3DEP
46,1.277984,40.6843040,-111.9579917,1304.020,USGS The National Map 3DEP
47,1.306383,40.6840486,-111.9579900,1304.407,USGS The National Map 3DEP
48,1.334783,40.6837932,-111.9579894,1304.762,USGS The National Map 3DEP
49,1.363183,40.6835378,-111.9579869,1305.135,USGS The National Map 3DEP
50,1.391582,40.6832824,-111.9579844,1305.483,USGS The National Map 3DEP
51,1.419982,40.6830270,-111.9579819,1305.808,USGS The National Map 3DEP
52,1.448382,40.6827716,-111.9579800,1306.162,USGS The National Map 3DEP
53,1.476781,40.6825162,-111.9579800,1306.476,USGS The National Map 3DEP
54,1.505181,40.6822608,-111.9579800,1307.392,USGS The National Map 3DEP
55,1.533581,40.6820054,-111.9579800,1308.054,USGS The National Map 3DEP
56,1.561980,40.6817500,-111.9579800,1308.584,USGS The National Map 3DEP
57,1.590380,40.6814946,-111.9579800,1308.956,USGS The National Map 3DEP
58,1.618779,40.6812392,-111.9579800,1309.315,USGS The National Map 3DEP
59,1.647179,40.6809838,-111.9579800,1309.572,USGS The National Map 3DEP
60,1.675579,40.6807284,-111.9579800,1309.763,USGS The National Map 3DEP
61,1.703978,40.6804730,-111.9579800,1309.942,USGS The National Map 3DEP
62,1.732378,40.6802176,-111.9579800,1310.047,USGS The National Map 3DEP
63,1.760778,40.6799622,-111.9579800,1310.133,USGS The National Map 3DEP
64,1.789177,40.6797068,-111.9579800,1310.248,USGS The National Map 3DEP
65,1.817577,40.6794514,-111.9579800,1310.370,USGS The National Map 3DEP
66,1.845977,40.6791960,-111.9579800,1310.526,USGS The National Map 3DEP
67,1.874376,40.6789406,-111.9579800,1310.639,USGS The National Map 3DEP
68,1.902776,40.6786852,-111.9579800,1310.742,USGS The National Map 3DEP
69,1.931176,40.6784298,-111.9579800,1310.841,USGS The National Map 3DEP
70,1.959575,40.6781744,-111.9579800,1310.979,USGS The National Map 3DEP
71,1.987975,40.6779190,-111.9579800,1311.075,USGS The National Map 3DEP
72,2.016374,40.6776635,-111.9579800,1311.306,USGS The National Map 3DEP
73,2.044774,40.6774081,-111.9579800,1311.582,USGS The National Map 3DEP
74,2.073174,40.6771527,-111.9579800,1312.012,USGS The National Map 3DEP
75,2.101573,40.6768973,-111.9579800,1312.592,USGS The National Map 3DEP
76,2.129973,40.6766419,-111.9579776,1313.278,USGS The National Map 3DEP
77,2.158373,40.6763866,-111.9579732,1313.971,USGS The National Map 3DEP
78,2.186772,40.6761312,-111.9579700,1314.588,USGS The National Map 3DEP
79,2.215172,40.6758758,-111.9579700,1315.199,USGS The National Map 3DEP
80,2.243572,40.6756204,-111.9579700,1315.763,USGS The National Map 3DEP
81,2.271971,40.6753650,-111.9579700,1316.276,USGS The National Map 3DEP
82,2.300371,40.6751096,-111.9579700,1316.879,USGS The National Map 3DEP
83,2.328770,40.6748542,-111.9579700,1317.244,USGS The National Map 3DEP
84,2.357170,40.6745988,-111.9579675,1316.959,USGS The National Map 3DEP
85,2.385570,40.6743434,-111.9579647,1316.488,USGS The National Map 3DEP
86,2.413969,40.6740880,-111.9579619,1315.910,USGS The National Map 3DEP
87,2.442369,40.6738326,-111.9579600,1315.438,USGS The National Map 3DEP
88,2.470769,40.6735772,-111.9579600,1315.125,USGS The National Map 3DEP
89,2.499168,40.6733218,-111.9579600,1315.018,USGS The National Map 3DEP
90,2.527568,40.6730664,-111.9579600,1315.128,USGS The National Map 3DEP
91,2.555968,40.6728110,-111.9579600,1315.271,USGS The National Map 3DEP
92,2.584367,40.6725556,-111.9579600,1315.420,USGS The National Map 3DEP
93,2.612767,40.6723002,-111.9579600,1315.633,USGS The National Map 3DEP
94,2.641167,40.6720447,-111.9579600,1315.736,USGS The National Map 3DEP
95,2.669566,40.6717893,-111.9579600,1315.905,USGS The National Map 3DEP
96,2.697966,40.6715339,-111.9579600,1316.139,USGS The National Map 3DEP
97,2.726365,40.6712785,-111.9579600,1316.353,USGS The National Map 3DEP
98,2.754765,40.6710231,-111.9579600,1316.629,USGS The National Map 3DEP
99,2.783165,40.6707677,-111.9579600,1316.984,USGS The National Map 3DEP
100,2.811564,40.6705123,-111.9579600,1317.508,USGS The National Map 3DEP
101,2.839964,40.6702569,-111.9579600,1318.225,USGS The National Map 3DEP
102,2.868364,40.6700015,-111.9579600,1319.221,USGS The National Map 3DEP
103,2.896763,40.6697461,-111.9579600,1320.494,USGS The National Map 3DEP
104,2.925163,40.6694907,-111.9579606,1321.744,USGS The National Map 3DEP
105,2.953563,40.6692354,-111.9579686,1322.915,USGS The National Map 3DEP
106,2.981962,40.6689800,-111.9579700,1323.880,USGS The National Map 3DEP
107,3.010362,40.6687247,-111.9579798,1324.552,USGS The National Map 3DEP
108,3.038761,40.6684693,-111.9579816,1325.111,USGS The National Map 3DEP
109,3.067161,40.6682140,-111.9579900,1325.579,USGS The National Map 3DEP
110,3.095561,40.6679586,-111.9579900,1325.891,USGS The National Map 3DEP
111,3.123960,40.6677032,-111.9579900,1325.996,USGS The National Map 3DEP
112,3.152360,40.6676030,-111.9577894,1325.949,USGS The National Map 3DEP
113,3.180760,40.6676080,-111.9574527,1325.474,USGS The National Map 3DEP
114,3.209159,40.6676100,-111.9571160,1325.017,USGS The National Map 3DEP
115,3.237559,40.6676100,-111.9567793,1324.492,USGS The National Map 3DEP
116,3.265959,40.6676126,-111.9564426,1324.003,USGS The National Map 3DEP
117,3.294358,40.6676186,-111.9561060,1323.522,USGS The National Map 3DEP
118,3.322758,40.6676200,-111.9557693,1323.053,USGS The National Map 3DEP
119,3.351158,40.6676200,-111.9554326,1322.570,USGS The National Map 3DEP
120,3.379557,40.6676200,-111.9550959,1322.113,USGS The National Map 3DEP
121,3.407957,40.6676200,-111.9547592,1321.566,USGS The National Map 3DEP
122,3.436356,40.6676200,-111.9544224,1320.720,USGS The National Map 3DEP
123,3.464756,40.6676200,-111.9540857,1319.785,USGS The National Map 3DEP
124,3.493156,40.6676200,-111.9537490,1318.936,USGS The National Map 3DEP
125,3.521555,40.6676200,-111.9534123,1318.293,USGS The National Map 3DEP
126,3.549955,40.6676200,-111.9530756,1317.803,USGS The National Map 3DEP
127,3.578355,40.6676200,-111.9527388,1317.239,USGS The National Map 3DEP
128,3.606754,40.6676200,-111.9524021,1316.830,USGS The National Map 3DEP
129,3.635154,40.6676213,-111.9520654,1316.493,USGS The National Map 3DEP
130,3.663554,40.6676267,-111.9517288,1316.128,USGS The National Map 3DEP
131,3.691953,40.6676312,-111.9513921,1315.821,USGS The National Map 3DEP
132,3.720353,40.6676345,-111.9510554,1315.466,USGS The National Map 3DEP
133,3.748752,40.6676377,-111.9507187,1315.136,USGS The National Map 3DEP
134,3.777152,40.6676400,-111.9503820,1314.777,USGS The National Map 3DEP
135,3.805552,40.6676400,-111.9500453,1314.444,USGS The National Map 3DEP
136,3.833951,40.6676400,-111.9497086,1314.181,USGS The National Map 3DEP
137,3.862351,40.6676400,-111.9493718,1313.835,USGS The National Map 3DEP
138,3.890751,40.6676400,-111.9490351,1313.565,USGS The National Map 3DEP
139,3.919150,40.6676400,-111.9486984,1313.407,USGS The National Map 3DEP
140,3.947550,40.6676400,-111.9483617,1313.231,USGS The National Map 3DEP
141,3.975950,40.6676400,-111.9480250,1313.161,USGS The National Map 3DEP
142,4.004349,40.6676400,-111.9476882,1313.061,USGS The National Map 3DEP
143,4.032749,40.6676400,-111.9473515,1312.962,USGS The National Map 3DEP
144,4.061149,40.6676400,-111.9470148,1312.858,USGS The National Map 3DEP
145,4.089548,40.6676400,-111.9466781,1312.739,USGS The National Map 3DEP
146,4.117948,40.6676400,-111.9463414,1312.618,USGS The National Map 3DEP
147,4.146347,40.6676400,-111.9460046,1312.518,USGS The National Map 3DEP
148,4.174747,40.6676400,-111.9456679,1312.435,USGS The National Map 3DEP
149,4.203147,40.6676413,-111.9453312,1312.392,USGS The National Map 3DEP
150,4.231546,40.6676439,-111.9449945,1312.324,USGS The National Map 3DEP
151,4.259946,40.6676465,-111.9446578,1312.272,USGS The National Map 3DEP
152,4.288346,40.6676491,-111.9443211,1312.194,USGS The National Map 3DEP
153,4.316745,40.6676500,-111.9439844,1312.144,USGS The National Map 3DEP
154,4.345145,40.6676500,-111.9436477,1312.112,USGS The National Map 3DEP
155,4.373545,40.6676500,-111.9433109,1312.043,USGS The National Map 3DEP
156,4.401944,40.6676500,-111.9429742,1311.992,USGS The National Map 3DEP
157,4.430344,40.6676500,-111.9426375,1311.944,USGS The National Map 3DEP
158,4.458743,40.6676500,-111.9423008,1311.868,USGS The National Map 3DEP
159,4.487143,40.6676500,-111.9419641,1311.800,USGS The National Map 3DEP
160,4.515543,40.6676500,-111.9416273,1311.671,USGS The National Map 3DEP
161,4.543942,40.6676500,-111.9412906,1311.534,USGS The National Map 3DEP
162,4.572342,40.6676500,-111.9409539,1311.353,USGS The National Map 3DEP
163,4.600742,40.6676500,-111.9406172,1311.258,USGS The National Map 3DEP
164,4.629141,40.6676500,-111.9402804,1311.130,USGS The National Map 3DEP
165,4.657541,40.6676500,-111.9399437,1310.950,USGS The National Map 3DEP
166,4.685941,40.6676500,-111.9396070,1310.819,USGS The National Map 3DEP
167,4.714340,40.6676500,-111.9392703,1310.660,USGS The National Map 3DEP
168,4.742740,40.6676500,-111.9389336,1310.595,USGS The National Map 3DEP
169,4.771140,40.6678040,-111.9388072,1310.553,USGS The National Map 3DEP
170,4.799539,40.6680592,-111.9388190,1310.479,USGS The National Map 3DEP
171,4.827939,40.6683145,-111.9388302,1310.398,USGS The National Map 3DEP
172,4.856338,40.6685698,-111.9388400,1310.319,USGS The National Map 3DEP
173,4.884738,40.6688247,-111.9388529,1310.203,USGS The National Map 3DEP
174,4.913138,40.6690800,-111.9388600,1310.079,USGS The National Map 3DEP
175,4.941537,40.6693354,-111.9388616,1309.946,USGS The National Map 3DEP
176,4.969937,40.6695908,-111.9388660,1309.833,USGS The National Map 3DEP
177,4.998337,40.6698211,-111.9389045,1309.745,USGS The National Map 3DEP
178,5.026736,40.6698546,-111.9392316,1309.225,USGS The National Map 3DEP
179,5.055136,40.6699691,-111.9395306,1309.420,USGS The National Map 3DEP
180,5.083536,40.6699726,-111.9398646,1309.750,USGS The National Map 3DEP
181,5.111935,40.6699700,-111.9402013,1309.722,USGS The National Map 3DEP
182,5.140335,40.6701501,-111.9402836,1309.395,USGS The National Map 3DEP
183,5.168734,40.6704044,-111.9402863,1309.882,USGS The National Map 3DEP
184,5.197134,40.6706596,-111.9402933,1309.688,USGS The National Map 3DEP
185,5.225534,40.6709137,-111.9402712,1310.550,USGS The National Map 3DEP
186,5.253933,40.6710804,-111.9400558,1310.647,USGS The National Map 3DEP
187,5.282333,40.6710626,-111.9397363,1310.367,USGS The National Map 3DEP
188,5.310733,40.6708848,-111.9395231,1310.120,USGS The National Map 3DEP
189,5.339132,40.6706494,-111.9395593,1309.494,USGS The National Map 3DEP
190,5.367532,40.6705673,-111.9398731,1309.544,USGS The National Map 3DEP
191,5.395932,40.6705894,-111.9402081,1309.286,USGS The National Map 3DEP
192,5.424331,40.6704014,-111.9402858,1309.892,USGS The National Map 3DEP
193,5.452731,40.6701470,-111.9402839,1309.395,USGS The National Map 3DEP
194,5.481131,40.6699700,-111.9401972,1309.722,USGS The National Map 3DEP
195,5.509530,40.6699727,-111.9398605,1309.746,USGS The National Map 3DEP
196,5.537930,40.6699680,-111.9395268,1309.420,USGS The National Map 3DEP
197,5.566329,40.6698529,-111.9392282,1309.218,USGS The National Map 3DEP
198,5.594729,40.6698210,-111.9389004,1309.755,USGS The National Map 3DEP
199,5.623129,40.6695877,-111.9388660,1309.834,USGS The National Map 3DEP
200,5.651528,40.6693323,-111.9388616,1309.946,USGS The National Map 3DEP
201,5.679928,40.6690769,-111.9388600,1310.079,USGS The National Map 3DEP
202,5.708328,40.6688216,-111.9388528,1310.209,USGS The National Map 3DEP
203,5.736727,40.6685667,-111.9388400,1310.329,USGS The National Map 3DEP
204,5.765127,40.6683114,-111.9388301,1310.398,USGS The National Map 3DEP
205,5.793527,40.6680561,-111.9388189,1310.484,USGS The National Map 3DEP
206,5.821926,40.6678009,-111.9388070,1310.553,USGS The National Map 3DEP
207,5.850326,40.6676021,-111.9386783,1310.473,USGS The National Map 3DEP
208,5.878725,40.6676000,-111.9383421,1310.248,USGS The National Map 3DEP
209,5.907125,40.6676001,-111.9380053,1309.994,USGS The National Map 3DEP
210,5.935525,40.6676064,-111.9376687,1309.771,USGS The National Map 3DEP
211,5.963924,40.6676090,-111.9373320,1309.478,USGS The National Map 3DEP
212,5.992324,40.6676090,-111.9369953,1309.220,USGS The National Map 3DEP
213,6.020724,40.6676121,-111.9366587,1309.013,USGS The National Map 3DEP
214,6.049123,40.6676267,-111.9363226,1308.803,USGS The National Map 3DEP
215,6.077523,40.6676476,-111.9359870,1308.492,USGS The National Map 3DEP
216,6.105923,40.6676701,-111.9356516,1308.210,USGS The National Map 3DEP
217,6.134322,40.6676973,-111.9353168,1307.961,USGS The National Map 3DEP
218,6.162722,40.6677399,-111.9349849,1307.726,USGS The National Map 3DEP
219,6.191122,40.6677889,-111.9346545,1307.498,USGS The National Map 3DEP
220,6.219521,40.6678494,-111.9343274,1307.213,USGS The National Map 3DEP
221,6.247921,40.6679175,-111.9340030,1306.939,USGS The National Map 3DEP
222,6.276320,40.6679967,-111.9336829,1306.648,USGS The National Map 3DEP
223,6.304720,40.6680837,-111.9333663,1306.429,USGS The National Map 3DEP
224,6.333120,40.6681688,-111.9330489,1306.239,USGS The National Map 3DEP
225,6.361519,40.6682666,-111.9327380,1306.087,USGS The National Map 3DEP
226,6.389919,40.6683731,-111.9324319,1305.957,USGS The National Map 3DEP
227,6.418319,40.6684875,-111.9321310,1305.807,USGS The National Map 3DEP
228,6.446718,40.6686028,-111.9318305,1305.702,USGS The National Map 3DEP
229,6.475118,40.6687169,-111.9315293,1305.587,USGS The National Map 3DEP
230,6.503518,40.6688312,-111.9312281,1305.461,USGS The National Map 3DEP
231,6.531917,40.6689446,-111.9309264,1305.338,USGS The National Map 3DEP
232,6.560317,40.6690572,-111.9306242,1305.287,USGS The National Map 3DEP
233,6.588716,40.6691699,-111.9303220,1305.209,USGS The National Map 3DEP
234,6.617116,40.6692826,-111.9300198,1305.079,USGS The National Map 3DEP
235,6.645516,40.6693958,-111.9297179,1304.956,USGS The National Map 3DEP
236,6.673915,40.6695090,-111.9294161,1304.826,USGS The National Map 3DEP
237,6.702315,40.6696227,-111.9291146,1304.740,USGS The National Map 3DEP
238,6.730715,40.6697368,-111.9288133,1304.606,USGS The National Map 3DEP
239,6.759114,40.6698509,-111.9285120,1304.527,USGS The National Map 3DEP
240,6.787514,40.6699650,-111.9282108,1304.409,USGS The National Map 3DEP
241,6.815914,40.6700791,-111.9279095,1304.279,USGS The National Map 3DEP
242,6.844313,40.6701932,-111.9276082,1304.180,USGS The National Map 3DEP
243,6.872713,40.6703073,-111.9273070,1304.141,USGS The National Map 3DEP
244,6.901113,40.6704214,-111.9270057,1304.086,USGS The National Map 3DEP
245,6.929512,40.6705355,-111.9267044,1304.048,USGS The National Map 3DEP
246,6.957912,40.6706496,-111.9264032,1303.959,USGS The National Map 3DEP
247,6.986311,40.6707632,-111.9261016,1303.880,USGS The National Map 3DEP
248,7.014711,40.6708769,-111.9258001,1303.847,USGS The National Map 3DEP
249,7.043111,40.6709905,-111.9254985,1303.786,USGS The National Map 3DEP
250,7.071510,40.6711009,-111.9251949,1303.707,USGS The National Map 3DEP
251,7.099910,40.6712157,-111.9248940,1303.657,USGS The National Map 3DEP
252,7.128310,40.6713307,-111.9245934,1303.586,USGS The National Map 3DEP
253,7.156709,40.6714416,-111.9242902,1303.498,USGS The National Map 3DEP
254,7.185109,40.6715435,-111.9239814,1303.429,USGS The National Map 3DEP
255,7.213509,40.6716433,-111.9236715,1303.359,USGS The National Map 3DEP
256,7.241908,40.6717406,-111.9233601,1303.249,USGS The National Map 3DEP
257,7.270308,40.6718342,-111.9230469,1303.122,USGS The National Map 3DEP
258,7.298707,40.6719179,-111.9227288,1302.936,USGS The National Map 3DEP
259,7.327107,40.6720000,-111.9224099,1302.648,USGS The National Map 3DEP
260,7.355507,40.6720818,-111.9220909,1302.372,USGS The National Map 3DEP
261,7.383906,40.6721668,-111.9217733,1302.087,USGS The National Map 3DEP
262,7.412306,40.6722524,-111.9214561,1301.781,USGS The National Map 3DEP
263,7.440706,40.6723371,-111.9211384,1301.466,USGS The National Map 3DEP
264,7.469105,40.6724211,-111.9208204,1301.144,USGS The National Map 3DEP
265,7.497505,40.6725051,-111.9205023,1300.793,USGS The National Map 3DEP
266,7.525905,40.6725890,-111.9201843,1300.492,USGS The National Map 3DEP
267,7.554304,40.6726729,-111.9198662,1300.148,USGS The National Map 3DEP
268,7.582704,40.6727568,-111.9195482,1299.875,USGS The National Map 3DEP
269,7.611104,40.6728407,-111.9192301,1299.675,USGS The National Map 3DEP
270,7.639503,40.6729246,-111.9189121,1299.555,USGS The National Map 3DEP
271,7.667903,40.6730085,-111.9185940,1299.430,USGS The National Map 3DEP
272,7.696302,40.6730925,-111.9182760,1299.273,USGS The National Map 3DEP
273,7.724702,40.6731760,-111.9179577,1299.145,USGS The National Map 3DEP
274,7.753102,40.6732581,-111.9176388,1299.049,USGS The National Map 3DEP
275,7.781501,40.6733401,-111.9173200,1298.912,USGS The National Map 3DEP
276,7.809901,40.6734222,-111.9170011,1298.786,USGS The National Map 3DEP
277,7.838301,40.6735061,-111.9166830,1298.672,USGS The National Map 3DEP
278,7.866700,40.6735926,-111.9163662,1298.554,USGS The National Map 3DEP
279,7.895100,40.6736791,-111.9160493,1298.455,USGS The National Map 3DEP
280,7.923500,40.6737656,-111.9157325,1298.396,USGS The National Map 3DEP
281,7.951899,40.6738521,-111.9154156,1298.305,USGS The National Map 3DEP
282,7.980299,40.6739376,-111.9150983,1298.198,USGS The National Map 3DEP
283,8.008698,40.6740219,-111.9147804,1298.102,USGS The National Map 3DEP
284,8.037098,40.6741046,-111.9144618,1298.054,USGS The National Map 3DEP
285,8.065498,40.6741871,-111.9141431,1297.926,USGS The National Map 3DEP
286,8.093897,40.6741919,-111.9138773,1297.823,USGS The National Map 3DEP
287,8.122297,40.6739443,-111.9138005,1298.046,USGS The National Map 3DEP
288,8.150697,40.6736900,-111.9137700,1298.203,USGS The National Map 3DEP
289,8.179096,40.6734361,-111.9138006,1298.333,USGS The National Map 3DEP
290,8.207496,40.6731842,-111.9138559,1298.371,USGS The National Map 3DEP
291,8.235896,40.6729300,-111.9138800,1298.407,USGS The National Map 3DEP
292,8.264295,40.6726760,-111.9138466,1298.451,USGS The National Map 3DEP
293,8.292695,40.6724219,-111.9138123,1298.574,USGS The National Map 3DEP
294,8.321095,40.6721671,-111.9138090,1298.676,USGS The National Map 3DEP
295,8.349494,40.6719164,-111.9138670,1298.705,USGS The National Map 3DEP
296,8.377894,40.6716738,-111.9139697,1298.613,USGS The National Map 3DEP
297,8.406293,40.6714468,-111.9141229,1298.538,USGS The National Map 3DEP
298,8.434693,40.6712371,-111.9141470,1298.703,USGS The National Map 3DEP
299,8.463093,40.6710438,-111.9139269,1298.957,USGS The National Map 3DEP
300,8.491492,40.6708813,-111.9136679,1299.050,USGS The National Map 3DEP
301,8.519892,40.6707711,-111.9133663,1299.185,USGS The National Map 3DEP
302,8.548292,40.6706974,-111.9130439,1299.262,USGS The National Map 3DEP
303,8.576691,40.6706283,-111.9127198,1299.322,USGS The National Map 3DEP
304,8.605091,40.6705637,-111.9123940,1299.265,USGS The National Map 3DEP
305,8.633491,40.6704992,-111.9120682,1299.164,USGS The National Map 3DEP
306,8.661890,40.6704322,-111.9117433,1299.049,USGS The National Map 3DEP
307,8.690290,40.6703574,-111.9114213,1298.928,USGS The National Map 3DEP
308,8.718689,40.6702632,-111.9111091,1298.790,USGS The National Map 3DEP
309,8.747089,40.6701057,-111.9108445,1298.702,USGS The National Map 3DEP
310,8.775489,40.6699401,-111.9105886,1298.536,USGS The National Map 3DEP
311,8.803888,40.6698004,-111.9103071,1298.437,USGS The National Map 3DEP
312,8.832288,40.6696801,-111.9100106,1298.377,USGS The National Map 3DEP
313,8.860688,40.6695618,-111.9097135,1298.454,USGS The National Map 3DEP
314,8.889087,40.6693773,-111.9094815,1298.757,USGS The National Map 3DEP
315,8.917487,40.6691622,-111.9093017,1298.976,USGS The National Map 3DEP
316,8.945887,40.6689287,-111.9091651,1298.944,USGS The National Map 3DEP
317,8.974286,40.6686815,-111.9090816,1298.762,USGS The National Map 3DEP
318,9.002686,40.6684298,-111.9090306,1298.586,USGS The National Map 3DEP
319,9.031086,40.6681749,-111.9090104,1298.601,USGS The National Map 3DEP
320,9.059485,40.6679196,-111.9090176,1298.721,USGS The National Map 3DEP
321,9.087885,40.6676642,-111.9090195,1298.729,USGS The National Map 3DEP
322,9.116284,40.6674091,-111.9090115,1298.407,USGS The National Map 3DEP
323,9.144684,40.6671545,-111.9089847,1298.286,USGS The National Map 3DEP
324,9.173084,40.6669003,-111.9089512,1298.085,USGS The National Map 3DEP
325,9.201483,40.6668603,-111.9087177,1298.140,USGS The National Map 3DEP
326,9.229883,40.6669113,-111.9083878,1298.098,USGS The National Map 3DEP
327,9.258283,40.6669717,-111.9080607,1298.065,USGS The National Map 3DEP
328,9.286682,40.6670312,-111.9077332,1297.933,USGS The National Map 3DEP
329,9.315082,40.6670919,-111.9074062,1297.831,USGS The National Map 3DEP
330,9.343482,40.6671597,-111.9070816,1297.703,USGS The National Map 3DEP
331,9.371881,40.6672242,-111.9067558,1297.394,USGS The National Map 3DEP
332,9.400281,40.6672817,-111.9064277,1297.293,USGS The National Map 3DEP
333,9.428680,40.6670719,-111.9063672,1296.879,USGS The National Map 3DEP
334,9.457080,40.6668169,-111.9063484,1297.259,USGS The National Map 3DEP
335,9.485480,40.6665618,-111.9063334,1297.977,USGS The National Map 3DEP
336,9.513879,40.6663066,-111.9063198,1297.317,USGS The National Map 3DEP
337,9.542279,40.6660519,-111.9062982,1298.300,USGS The National Map 3DEP
338,9.570679,40.6658016,-111.9062335,1298.206,USGS The National Map 3DEP
339,9.599078,40.6655589,-111.9061288,1298.124,USGS The National Map 3DEP
340,9.627478,40.6653174,-111.9060194,1297.949,USGS The National Map 3DEP
341,9.655878,40.6650746,-111.9059154,1297.951,USGS The National Map 3DEP
342,9.684277,40.6648265,-111.9058353,1297.819,USGS The National Map 3DEP
343,9.712677,40.6645737,-111.9057883,1297.654,USGS The National Map 3DEP
344,9.741077,40.6643209,-111.9057402,1297.581,USGS The National Map 3DEP
345,9.769476,40.6640667,-111.9057145,1297.536,USGS The National Map 3DEP
346,9.797876,40.6638114,-111.9057054,1297.665,USGS The National Map 3DEP
347,9.826275,40.6635571,-111.9056807,1297.807,USGS The National Map 3DEP
348,9.854675,40.6633072,-111.9056122,1297.822,USGS The National Map 3DEP
349,9.883075,40.6630646,-111.9055100,1297.756,USGS The National Map 3DEP
350,9.911474,40.6628313,-111.9053743,1297.613,USGS The National Map 3DEP
351,9.939874,40.6626078,-111.9052116,1297.500,USGS The National Map 3DEP
352,9.968274,40.6623957,-111.9050241,1297.492,USGS The National Map 3DEP
353,9.996673,40.6622068,-111.9047978,1297.821,USGS The National Map 3DEP
354,10.025073,40.6620197,-111.9045687,1298.359,USGS The National Map 3DEP
355,10.053473,40.6618236,-111.9043536,1298.952,USGS The National Map 3DEP
356,10.081872,40.6616113,-111.9041691,1299.504,USGS The National Map 3DEP
357,10.110272,40.6613763,-111.9040381,1300.131,USGS The National Map 3DEP
358,10.138671,40.6611332,-111.9039353,1301.188,USGS The National Map 3DEP
359,10.167071,40.6608786,-111.9039179,1302.980,USGS The National Map 3DEP
360,10.195471,40.6606233,-111.9039052,1304.644,USGS The National Map 3DEP
361,10.223870,40.6605109,-111.9037000,1304.675,USGS The National Map 3DEP
362,10.252270,40.6605090,-111.9033644,1305.247,USGS The National Map 3DEP
363,10.280670,40.6605420,-111.9030307,1306.753,USGS The National Map 3DEP
364,10.309069,40.6605830,-111.9026984,1308.271,USGS The National Map 3DEP
365,10.337469,40.6606290,-111.9023672,1309.130,USGS The National Map 3DEP
366,10.365869,40.6606765,-111.9020364,1309.940,USGS The National Map 3DEP
367,10.394268,40.6607236,-111.9017055,1303.383,USGS The National Map 3DEP
368,10.422668,40.6607667,-111.9013737,1303.490,USGS The National Map 3DEP
369,10.451068,40.6608024,-111.9010403,1303.285,USGS The National Map 3DEP
370,10.479467,40.6608342,-111.9007063,1309.895,USGS The National Map 3DEP
371,10.507867,40.6608611,-111.9003715,1308.947,USGS The National Map 3DEP
372,10.536266,40.6608833,-111.9000361,1308.251,USGS The National Map 3DEP
373,10.564666,40.6609054,-111.8997007,1308.563,USGS The National Map 3DEP
374,10.593066,40.6609274,-111.8993652,1309.075,USGS The National Map 3DEP
375,10.621465,40.6609489,-111.8990297,1309.532,USGS The National Map 3DEP
376,10.649865,40.6609709,-111.8986944,1310.204,USGS The National Map 3DEP
377,10.678265,40.6610257,-111.8983655,1310.433,USGS The National Map 3DEP
378,10.706664,40.6610806,-111.8980367,1310.613,USGS The National Map 3DEP
379,10.735064,40.6611378,-111.8977087,1310.888,USGS The National Map 3DEP
380,10.763464,40.6612161,-111.8973883,1311.096,USGS The National Map 3DEP
381,10.791863,40.6612885,-111.8970654,1311.180,USGS The National Map 3DEP
382,10.820263,40.6613600,-111.8967422,1311.302,USGS The National Map 3DEP
383,10.848662,40.6614306,-111.8964186,1311.491,USGS The National Map 3DEP
384,10.877062,40.6615012,-111.8960950,1311.943,USGS The National Map 3DEP
385,10.905462,40.6615698,-111.8957710,1311.999,USGS The National Map 3DEP
386,10.933861,40.6616405,-111.8954475,1311.350,USGS The National Map 3DEP
387,10.962261,40.6617080,-111.8951228,1309.702,USGS The National Map 3DEP
388,10.990661,40.6617793,-111.8947995,1308.785,USGS The National Map 3DEP
389,11.019060,40.6618462,-111.8944746,1308.342,USGS The National Map 3DEP
390,11.047460,40.6619068,-111.8941476,1308.278,USGS The National Map 3DEP
391,11.075860,40.6619692,-111.8938211,1307.829,USGS The National Map 3DEP
392,11.104259,40.6620045,-111.8934895,1307.402,USGS The National Map 3DEP
393,11.132659,40.6619152,-111.8933030,1307.755,USGS The National Map 3DEP
394,11.161059,40.6616642,-111.8933650,1308.558,USGS The National Map 3DEP
395,11.189458,40.6614159,-111.8934436,1309.364,USGS The National Map 3DEP
396,11.217858,40.6611675,-111.8935223,1310.166,USGS The National Map 3DEP
397,11.246257,40.6609190,-111.8935997,1310.983,USGS The National Map 3DEP
398,11.274657,40.6606703,-111.8936765,1311.769,USGS The National Map 3DEP
399,11.303057,40.6604216,-111.8937533,1312.522,USGS The National Map 3DEP
400,11.331456,40.6601726,-111.8938282,1313.220,USGS The National Map 3DEP
401,11.359856,40.6599237,-111.8939035,1313.794,USGS The National Map 3DEP
402,11.388256,40.6596779,-111.8939945,1314.239,USGS The National Map 3DEP
403,11.416655,40.6594335,-111.8940920,1314.556,USGS The National Map 3DEP
404,11.445055,40.6591941,-111.8942095,1314.725,USGS The National Map 3DEP
405,11.473455,40.6589549,-111.8943275,1314.845,USGS The National Map 3DEP
406,11.501854,40.6587223,-111.8944664,1314.948,USGS The National Map 3DEP
407,11.530254,40.6584905,-111.8946075,1315.080,USGS The National Map 3DEP
408,11.558653,40.6582673,-111.8947711,1315.176,USGS The National Map 3DEP
409,11.587053,40.6580450,-111.8949368,1315.310,USGS The National Map 3DEP
410,11.615453,40.6580060,-111.8951242,1315.176,USGS The National Map 3DEP
411,11.643852,40.6582030,-111.8953384,1314.628,USGS The National Map 3DEP
412,11.672252,40.6584034,-111.8955465,1314.125,USGS The National Map 3DEP
413,11.700652,40.6586273,-111.8957071,1313.785,USGS The National Map 3DEP
414,11.729051,40.6588744,-111.8957489,1312.698,USGS The National Map 3DEP
415,11.757451,40.6591094,-111.8956203,1311.975,USGS The National Map 3DEP
416,11.785851,40.6593430,-111.8954841,1311.470,USGS The National Map 3DEP
417,11.814250,40.6595706,-111.8953325,1310.885,USGS The National Map 3DEP
418,11.842650,40.6597912,-111.8951627,1310.376,USGS The National Map 3DEP
419,11.871050,40.6600121,-111.8949940,1310.051,USGS The National Map 3DEP
420,11.899449,40.6602080,-111.8947965,1310.165,USGS The National Map 3DEP
421,11.927849,40.6603161,-111.8945240,1310.193,USGS The National Map 3DEP
422,11.956248,40.6604635,-111.8947390,1309.604,USGS The National Map 3DEP
423,11.984648,40.6602998,-111.8949594,1309.899,USGS The National Map 3DEP
424,12.013048,40.6600694,-111.8951045,1310.296,USGS The National Map 3DEP
425,12.041447,40.6598389,-111.8952497,1310.486,USGS The National Map 3DEP
426,12.069847,40.6596100,-111.8953990,1310.965,USGS The National Map 3DEP
