,bunching,ploss,qloss,reward,reward1,reward2,avg_hold,action,wait,travel,delay,AOD,headway_mean0,headway_mean1,headway_mean2,headway_mean3,headway_mean4,headway_mean5,headway_mean6,headway_mean7,headway_mean8,headway_mean9,headway_mean10,headway_mean11,headway_var0,headway_var1,headway_var2,headway_var3,headway_var4,headway_var5,headway_var6,headway_var7,headway_var8,headway_var9,headway_var10,headway_var11
0,0,,,,,,88.18865740740742,,1852.614680172055,1611.421581769437,1928.2476541554959,3.8965860126548666,530.0185185185185,525.2830188679245,526.0377358490566,528.2264150943396,528.7735849056604,533.1346153846154,533.6666666666666,535.0784313725491,538.84,541.5102040816327,540.7142857142857,541.3125,44407.758916323735,30599.863296546817,45168.45140619437,31079.609113563547,44936.09967960129,31021.808801775143,42339.712418300645,28660.38600538254,42273.7744,29144.53561016243,43152.857142857145,29749.298177083332
0,0,,,,,,88.28587962962962,,1670.5527666065732,1592.2062417437253,1819.6964993394981,3.5511252292150366,529.7407407407408,524.5849056603773,525.8490566037735,527.811320754717,528.6415094339623,532.7115384615385,534.2352941176471,536.2941176470588,540.62,542.1836734693877,541.0816326530612,541.4375,37196.56241426612,25530.92203631186,37488.920612317546,25386.643645425418,37532.56959772161,24980.282174556207,36058.219146482115,23687.148788927338,35310.5956,24029.74177426073,35606.319866722195,24498.49609375
0,0,,,,,,88.08121141975307,,1988.1902533039647,1624.8867226890757,1951.2206722689075,3.798188076155086,530.4629629629629,525.0566037735849,525.9811320754717,528.0566037735849,528.8301886792453,532.7307692307693,534.8039215686274,535.9803921568628,540.52,541.4285714285714,540.6938775510204,541.5416666666666,43983.65603566529,30852.61943752225,43943.603417586324,30577.826984692067,43413.650409398375,31140.004437869822,42476.11841599385,29032.84275278739,41644.8496,29543.346938775514,42493.23281965847,30157.623263888887
0,0,,,,,,88.23090277777779,,1818.1261512698857,1589.5408094435077,1896.8215851602024,3.4847933998140714,531.074074074074,524.3396226415094,525.7169811320755,527.3962264150944,528.566037735849,533.1923076923077,534.6274509803922,536.4509803921569,539.24,541.8367346938776,540.9795918367347,541.1666666666666,52027.58710562414,37892.63937344251,52579.10857956568,37876.6543253827,51712.28337486651,38208.77071005917,50426.90042291425,36727.22798923491,49971.58239999999,37620.46314035818,50840.10162432321,38383.847222222226
0,0,,,,,,87.84510030864197,,1705.8787532170431,1606.7029551630435,1862.5416100543478,3.402303487561164,529.9629629629629,524.9811320754717,526.3962264150944,527.9811320754717,532.0192307692307,533.6153846153846,535.2156862745098,537.0980392156863,539.46,541.9795918367347,540.4489795918367,541.2083333333334,34057.40603566529,24484.96190815237,35289.63545745818,24258.69775720897,34374.63424556213,24153.082840236682,31969.463283352557,22074.55901576317,31319.8084,22533.897542690545,32039.635152019993,22963.331597222223
0,0,,,,,,88.1298225308642,,1754.8690990112798,1585.0759219088936,1825.2646420824294,3.670228283137807,530.3518518518518,524.4528301886793,525.2641509433962,527.622641509434,528.1132075471698,533.4038461538462,535.8823529411765,537.2941176470588,540.62,541.6530612244898,541.0204081632653,541.3541666666666,46035.48731138546,35134.5119259523,45994.1943752225,35129.21609113563,45401.6098255607,35024.04844674556,44580.2214532872,33456.16839677048,43968.27559999999,34576.553102873804,44896.14244064973,35298.270399305555
0,0,,,,,,88.3761574074074,,1907.3154512433641,1615.675580221998,2013.2462159434915,3.6360058205715604,529.9629629629629,524.4905660377359,525.622641509434,527.377358490566,528.6415094339623,533.8846153846154,534.4705882352941,536.1176470588235,539.22,541.3265306122449,540.8979591836735,541.25,44264.29492455419,29261.00462798148,44686.31043075827,29211.253826984692,43767.588465646135,28877.948224852073,42695.6216839677,27458.809688581317,42487.8116,28359.730112453144,43214.132444814655,28958.1875
0,0,,,,,,88.23263888888889,,1620.2505665722379,1583.1462596444146,1742.1663871184167,3.480447448102378,529.8333333333334,525.4905660377359,526.3018867924528,528.622641509434,531.6730769230769,533.5769230769231,534.5294117647059,535.7058823529412,539.4,542.1632653061224,540.8775510204082,541.2083333333334,32403.76851851851,23784.023495906014,33270.28622285512,23471.06514773941,32978.33542899408,23847.167159763307,30546.719723183392,21676.59976931949,29744.0,21824.17742607247,30241.862557267803,22232.706597222223
0,0,,,,,,87.41666666666667,,1831.219242466132,1605.2286519648483,1923.8325319184214,3.835345755988573,530.7407407407408,525.7169811320755,526.1132075471698,528.7169811320755,532.4423076923077,533.6346153846154,534.5686274509804,535.0,538.38,541.3673469387755,540.265306122449,541.1875,48022.8587105624,30711.221787112852,48669.798504805985,30700.0519757921,48045.66974852071,30913.00110946745,46272.402153018076,28269.647058823528,45607.59560000001,28778.681382757182,46586.23573511037,29392.40234375
0,0,,,,,,88.17283950617283,,1848.237422037422,1579.3815134417523,1956.6832061068703,3.7646527817083757,530.1296296296297,524.9245283018868,525.6792452830189,527.5849056603773,528.6415094339623,533.6730769230769,534.8823529411765,536.3529411764706,539.68,541.4285714285714,539.8979591836735,541.6458333333334,39507.520233196155,28387.126379494486,40194.29334282663,28428.95977216091,39396.72054111783,28654.25850591716,37384.53517877739,26710.698961937716,37080.457599999994,27185.102040816328,37834.82632236568,27748.728732638887
0,0,,,,,,88.07503858024691,,1777.481801701297,1594.3176294323289,1917.3572498751457,3.3900848570355264,529.7962962962963,524.7735849056604,525.6981132075472,527.7169811320755,528.6603773584906,533.7692307692307,536.0196078431372,537.2549019607843,539.84,541.734693877551,541.2448979591836,541.2083333333334,40690.1622085048,27512.1751512994,40904.51263794946,27575.90103239587,40006.299750801,27205.908284023662,38396.33294886582,25676.42522106882,38735.7344,26493.337775926695,39427.57267805081,27033.78993055556
0,0,,,,,,88.45447530864197,,1750.617963576159,1594.4129675810473,1839.15893599335,3.8568620839788728,529.1296296296297,529.9629629629629,525.6792452830189,528.2830188679245,528.6415094339623,534.0,535.2941176470588,536.6078431372549,540.04,542.0816326530612,541.6734693877551,541.1041666666666,36585.81652949246,25831.739368998627,37191.04805980776,24579.33499466002,36699.475258098966,24179.19230769231,35639.619377162635,22234.12072279892,34851.2384,23086.279050395668,35429.077051228654,23532.30164930555
0,0,,,,,,87.70814043209877,,1774.0816579454695,1580.0617080796446,1906.4085897646864,3.824793139751961,529.5,525.7358490566038,526.7735849056604,529.0188679245283,532.8076923076923,534.8653846153846,536.6470588235294,538.86,540.12,542.9387755102041,541.530612244898,541.4166666666666,37597.99074074074,27263.703809184768,38975.68458526166,26797.867568529724,38507.23224852072,27056.1549556213,36003.9538638985,24898.800399999996,35602.6256,25392.34319033736,36304.77967513536,25806.826388888887
0,0,,,,,,87.52083333333333,,1908.5297716150083,1571.7393450715813,1919.296198782294,3.5304306744792004,529.8518518518518,525.4905660377359,526.7547169811321,528.5471698113207,531.9423076923077,533.5961538461538,535.4117647058823,536.3725490196078,540.36,542.2448979591836,541.4285714285714,541.0625,38610.200274348426,26049.910288358842,39748.86436454255,26064.738341046632,39192.40051775148,26137.54844674556,36902.2029988466,23919.920030757396,36424.5904,24283.980841316115,37110.857142857145,24738.725260416668
0,0,,,,,,87.88310185185185,,1715.1189028700692,1614.7641430250126,1872.8772872251134,3.8981256231325805,529.3518518518518,524.9056603773585,525.9433962264151,528.0754716981132,529.188679245283,534.3846153846154,536.7254901960785,541.12,542.44,541.8571428571429,541.2857142857143,541.7708333333334,38520.04286694102,27025.519401922393,39431.90245639017,27027.46600213599,38895.700249199,26791.428994082842,37396.31680123029,25636.2256,36753.1264,26024.44897959183,37496.163265306124,26566.259982638887
0,0,,,,,,88.28163580246913,,1972.6997410385716,1605.5824631195094,2030.312448201558,3.560067128343746,529.9629629629629,524.9245283018868,526.6415094339623,527.9811320754717,531.9807692307693,532.9230769230769,535.3333333333334,536.1372549019608,539.44,541.9795918367347,541.0204081632653,541.1875,38616.109739369,28787.805624777502,39793.70167319331,28488.018511925955,39417.634245562134,29030.032544378708,36839.55555555555,26719.64782775855,36379.40640000001,27341.89754269055,36996.95876718034,27878.27734375
0,0,,,,,,88.36689814814814,,1794.353988407397,1602.0548760330578,1911.2386776859505,3.34923533713628,530.2407407407408,525.4716981132076,527.2264150943396,528.5849056603773,531.1923076923077,532.5384615384615,534.2549019607843,535.5490196078431,538.48,542.3673469387755,541.6938775510204,541.0833333333334,36521.18278463649,27337.56995372019,37732.137415450336,27057.07297970808,37521.501479289946,27444.59467455621,35678.97424067666,24927.11034217609,34349.8496,25567.824239900037,34534.416493127865,26019.701388888887
0,0,,,,,,88.01736111111111,,1689.2944155296104,1608.2977253580455,1812.5145745577086,3.8332396688599624,529.7962962962963,525.4528301886793,526.4905660377359,528.5094339622641,532.3846153846154,533.8076923076923,535.1764705882352,536.1372549019608,538.66,540.22,541.6122448979592,541.0416666666666,39516.31035665296,26607.304378782483,40637.344250623006,26637.910288358842,40005.04437869823,26461.039940828403,39383.79238754325,24213.56939638601,37953.3844,24437.0916,38172.56393169513,25088.123263888887
0,0,,,,,,88.05439814814814,,1908.8323476825747,1616.6407135711904,1997.6057019006334,3.6807748207609414,529.9074074074074,525.0377358490566,525.7924528301887,528.0377358490566,528.6981132075472,533.3653846153846,535.1764705882352,536.2549019607843,539.54,542.2244897959183,541.4081632653061,541.0,38086.19513031551,24486.2627269491,38563.900320398716,24423.54574581702,38079.53150587397,24260.193417159768,36908.26297577854,22429.444828911957,35893.288400000005,22983.439400249892,36488.690545606,23402.208333333332
0,0,,,,,,88.16319444444444,,1907.657048639736,1588.918421932464,1956.283851554664,3.6292650084309606,530.3518518518518,524.9056603773585,526.1132075471698,528.0754716981132,529.188679245283,534.0192307692307,535.9803921568628,536.6862745098039,538.82,541.6530612244898,541.0612244897959,541.3333333333334,42462.74657064471,29746.27411890353,43080.62869348525,29776.484870060518,42480.49270202918,29584.134245562134,40365.705497885436,27556.136870434453,40355.8676,28415.981674302373,40928.30237401083,29008.72222222222
