service_date,trip_id,service_id,trip_headsign,direction_id,shape_id,departure_eira,arrival_munkkivuori
20260814,1020_20260813_Pe_1_0521,1020_20260813_20261011_Pe,Munkkivuori,0,1020_20260425_1,05:21:00,05:54:00
20260814,1020_20260813_Pe_1_0541,1020_20260813_20261011_Pe,Munkkivuori,0,1020_20260425_1,05:41:00,06:15:00
20260814,1020_20260813_Pe_1_0601,1020_20260813_20261011_Pe,Munkkivuori,0,1020_20260425_1,06:01:00,06:36:00
20260814,1020_20260813_Pe_1_0614,1020_20260813_20261011_Pe,Munkkivuori,0,1020_20260425_1,06:14:00,06:52:00
20260814,1020_20260813_Pe_1_0626,1020_20260813_20261011_Pe,Munkkivuori,0,1020_20260425_1,06:26:00,07:05:00
20260814,1020_20260813_Pe_1_0638,1020_20260813_20261011_Pe,Munkkivuori,0,1020_20260425_1,06:38:00,07:17:00
20260814,1020_20260813_Pe_1_0650,1020_20260813_20261011_Pe,Munkkivuori,0,1020_20260425_1,06:50:00,07:30:00
20260814,1020_20260813_Pe_1_0701,1020_20260813_20261011_Pe,Munkkivuori,0,1020_20260425_1,07:01:00,07:43:00
20260814,1020_20260813_Pe_1_0713,1020_20260813_20261011_Pe,Munkkivuori,0,1020_20260425_1,07:13:00,07:55:00
20260814,1020_20260813_Pe_1_0724,1020_20260813_20261011_Pe,Munkkivuori,0,1020_20260425_1,07:24:00,08:07:00
20260814,1020_20260813_Pe_1_0734,1020_20260813_20261011_Pe,Munkkivuori,0,1020_20260425_1,07:34:00,08:18:00
20260814,1020_20260813_Pe_1_0744,1020_20260813_20261011_Pe,Munkkivuori,0,1020_20260425_1,07:44:00,08:28:00
20260814,1020_20260813_Pe_1_0755,1020_20260813_20261011_Pe,Munkkivuori,0,1020_20260425_1,07:55:00,08:39:00
20260814,1020_20260813_Pe_1_0807,1020_20260813_20261011_Pe,Munkkivuori,0,1020_20260425_1,08:07:00,08:51:00
20260814,1020_20260813_Pe_1_0819,1020_20260813_20261011_Pe,Munkkivuori,0,1020_20260425_1,08:19:00,09:02:00
20260814,1020_20260813_Pe_1_0831,1020_20260813_20261011_Pe,Munkkivuori,0,1020_20260425_1,08:31:00,09:14:00
20260814,1020_20260813_Pe_1_0843,1020_20260813_20261011_Pe,Munkkivuori,0,1020_20260425_1,08:43:00,09:25:00
20260814,1020_20260813_Pe_1_0855,1020_20260813_20261011_Pe,Munkkivuori,0,1020_20260425_1,08:55:00,09:37:00
20260814,1020_20260813_Pe_1_0907,1020_20260813_20261011_Pe,Munkkivuori,0,1020_20260425_1,09:07:00,09:49:00
20260814,1020_20260813_Pe_1_0919,1020_20260813_20261011_Pe,Munkkivuori,0,1020_20260425_1,09:19:00,10:01:00
20260814,1020_20260813_Pe_1_0933,1020_20260813_20261011_Pe,Munkkivuori,0,1020_20260425_1,09:33:00,10:15:00
20260814,1020_20260813_Pe_1_0947,1020_20260813_20261011_Pe,Munkkivuori,0,1020_20260425_1,09:47:00,10:29:00
20260814,1020_20260813_Pe_1_1002,1020_20260813_20261011_Pe,Munkkivuori,0,1020_20260425_1,10:02:00,10:44:00
20260814,1020_20260813_Pe_1_1017,1020_20260813_20261011_Pe,Munkkivuori,0,1020_20260425_1,10:17:00,10:59:00
20260814,1020_20260813_Pe_1_1032,1020_20260813_20261011_Pe,Munkkivuori,0,1020_20260425_1,10:32:00,11:14:00
20260814,1020_20260813_Pe_1_1047,1020_20260813_20261011_Pe,Munkkivuori,0,1020_20260425_1,10:47:00,11:29:00
20260814,1020_20260813_Pe_1_1102,1020_20260813_20261011_Pe,Munkkivuori,0,1020_20260425_1,11:02:00,11:44:00
20260814,1020_20260813_Pe_1_1117,1020_20260813_20261011_Pe,Munkkivuori,0,1020_20260425_1,11:17:00,11:59:00
20260814,1020_20260813_Pe_1_1132,1020_20260813_20261011_Pe,Munkkivuori,0,1020_20260425_1,11:32:00,12:14:00
20260814,1020_20260813_Pe_1_1146,1020_20260813_20261011_Pe,Munkkivuori,0,1020_20260425_1,11:46:00,12:28:00
20260814,1020_20260813_Pe_1_1200,1020_20260813_20261011_Pe,Munkkivuori,0,1020_20260425_1,12:00:00,12:42:00
20260814,1020_20260813_Pe_1_1212,1020_20260813_20261011_Pe,Munkkivuori,0,1020_20260425_1,12:12:00,12:54:00
20260814,1020_20260813_Pe_1_1224,1020_20260813_20261011_Pe,Munkkivuori,0,1020_20260425_1,12:24:00,13:06:00
20260814,1020_20260813_Pe_1_1236,1020_20260813_20261011_Pe,Munkkivuori,0,1020_20260425_1,12:36:00,13:18:00
20260814,1020_20260813_Pe_1_1248,1020_20260813_20261011_Pe,Munkkivuori,0,1020_20260425_1,12:48:00,13:30:00
20260814,1020_20260813_Pe_1_1300,1020_20260813_20261011_Pe,Munkkivuori,0,1020_20260425_1,13:00:00,13:42:00
20260814,1020_20260813_Pe_1_1312,1020_20260813_20261011_Pe,Munkkivuori,0,1020_20260425_1,13:12:00,13:54:00
20260814,1020_20260813_Pe_1_1324,1020_20260813_20261011_Pe,Munkkivuori,0,1020_20260425_1,13:24:00,14:06:00
20260814,1020_20260813_Pe_1_1336,1020_20260813_20261011_Pe,Munkkivuori,0,1020_20260425_1,13:36:00,14:18:00
20260814,1020_20260813_Pe_1_1348,1020_20260813_20261011_Pe,Munkkivuori,0,1020_20260425_1,13:48:00,14:30:00
20260814,1020_20260813_Pe_1_1400,1020_20260813_20261011_Pe,Munkkivuori,0,1020_20260425_1,14:00:00,14:42:00
20260814,1020_20260813_Pe_1_1412,1020_20260813_20261011_Pe,Munkkivuori,0,1020_20260425_1,14:12:00,14:54:00
20260814,1020_20260813_Pe_1_1422,1020_20260813_20261011_Pe,Munkkivuori,0,1020_20260425_1,14:22:00,15:04:00
20260814,1020_20260813_Pe_1_1432,1020_20260813_20261011_Pe,Munkkivuori,0,1020_20260425_1,14:32:00,15:14:00
20260814,1020_20260813_Pe_1_1442,1020_20260813_20261011_Pe,Munkkivuori,0,1020_20260425_1,14:42:00,15:24:00
20260814,1020_20260813_Pe_1_1452,1020_20260813_20261011_Pe,Munkkivuori,0,1020_20260425_1,14:52:00,15:35:00
20260814,1020_20260813_Pe_1_1502,1020_20260813_20261011_Pe,Munkkivuori,0,1020_20260425_1,15:02:00,15:45:00
20260814,1020_20260813_Pe_1_1512,1020_20260813_20261011_Pe,Munkkivuori,0,1020_20260425_1,15:12:00,15:55:00
20260814,1020_20260813_Pe_1_1522,1020_20260813_20261011_Pe,Munkkivuori,0,1020_20260425_1,15:22:00,16:05:00
20260814,1020_20260813_Pe_1_1532,1020_20260813_20261011_Pe,Munkkivuori,0,1020_20260425_1,15:32:00,16:15:00
20260814,1020_20260813_Pe_1_1542,1020_20260813_20261011_Pe,Munkkivuori,0,1020_20260425_1,15:42:00,16:25:00
20260814,1020_20260813_Pe_1_1552,1020_20260813_20261011_Pe,Munkkivuori,0,1020_20260425_1,15:52:00,16:36:00
20260814,1020_20260813_Pe_1_1604,1020_20260813_20261011_Pe,Munkkivuori,0,1020_20260425_1,16:04:00,16:48:00
20260814,1020_20260813_Pe_1_1616,1020_20260813_20261011_Pe,Munkkivuori,0,1020_20260425_1,16:16:00,17:00:00
20260814,1020_20260813_Pe_1_1627,1020_20260813_20261011_Pe,Munkkivuori,0,1020_20260425_1,16:27:00,17:11:00
20260814,1020_20260813_Pe_1_1638,1020_20260813_20261011_Pe,Munkkivuori,0,1020_20260425_1,16:38:00,17:22:00
20260814,1020_20260813_Pe_1_1648,1020_20260813_20261011_Pe,Munkkivuori,0,1020_20260425_1,16:48:00,17:32:00
20260814,1020_20260813_Pe_1_1659,1020_20260813_20261011_Pe,Munkkivuori,0,1020_20260425_1,16:59:00,17:43:00
20260814,1020_20260813_Pe_1_1710,1020_20260813_20261011_Pe,Munkkivuori,0,1020_20260425_1,17:10:00,17:53:00
20260814,1020_20260813_Pe_1_1721,1020_20260813_20261011_Pe,Munkkivuori,0,1020_20260425_1,17:21:00,18:04:00
20260814,1020_20260813_Pe_1_1732,1020_20260813_20261011_Pe,Munkkivuori,0,1020_20260425_1,17:32:00,18:15:00
20260814,1020_20260813_Pe_1_1743,1020_20260813_20261011_Pe,Munkkivuori,0,1020_20260425_1,17:43:00,18:25:00
20260814,1020_20260813_Pe_1_1754,1020_20260813_20261011_Pe,Munkkivuori,0,1020_20260425_1,17:54:00,18:36:00
20260814,1020_20260813_Pe_1_1805,1020_20260813_20261011_Pe,Munkkivuori,0,1020_20260425_1,18:05:00,18:47:00
20260814,1020_20260813_Pe_1_1816,1020_20260813_20261011_Pe,Munkkivuori,0,1020_20260425_1,18:16:00,18:58:00
20260814,1020_20260813_Pe_1_1827,1020_20260813_20261011_Pe,Munkkivuori,0,1020_20260425_1,18:27:00,19:09:00
20260814,1020_20260813_Pe_1_1838,1020_20260813_20261011_Pe,Munkkivuori,0,1020_20260425_1,18:38:00,19:19:00
20260814,1020_20260813_Pe_1_1850,1020_20260813_20261011_Pe,Munkkivuori,0,1020_20260425_1,18:50:00,19:31:00
20260814,1020_20260813_Pe_1_1902,1020_20260813_20261011_Pe,Munkkivuori,0,1020_20260425_1,19:02:00,19:43:00
20260814,1020_20260813_Pe_1_1916,1020_20260813_20261011_Pe,Munkkivuori,0,1020_20260425_1,19:16:00,19:57:00
20260814,1020_20260813_Pe_1_1931,1020_20260813_20261011_Pe,Munkkivuori,0,1020_20260425_1,19:31:00,20:12:00
20260814,1020_20260813_Pe_1_1946,1020_20260813_20261011_Pe,Munkkivuori,0,1020_20260425_1,19:46:00,20:26:00
20260814,1020_20260813_Pe_1_2001,1020_20260813_20261011_Pe,Munkkivuori,0,1020_20260425_1,20:01:00,20:41:00
20260814,1020_20260813_Pe_1_2016,1020_20260813_20261011_Pe,Munkkivuori,0,1020_20260425_1,20:16:00,20:56:00
20260814,1020_20260813_Pe_1_2030,1020_20260813_20261011_Pe,Munkkivuori,0,1020_20260425_1,20:30:00,21:10:00
20260814,1020_20260813_Pe_1_2045,1020_20260813_20261011_Pe,Munkkivuori,0,1020_20260425_1,20:45:00,21:24:00
20260814,1020_20260813_Pe_1_2101,1020_20260813_20261011_Pe,Munkkivuori,0,1020_20260425_1,21:01:00,21:40:00
20260814,1020_20260813_Pe_1_2117,1020_20260813_20261011_Pe,Munkkivuori,0,1020_20260425_1,21:17:00,21:55:00
20260814,1020_20260813_Pe_1_2135,1020_20260813_20261011_Pe,Munkkivuori,0,1020_20260425_1,21:35:00,22:13:00
20260814,1020_20260813_Pe_1_2153,1020_20260813_20261011_Pe,Munkkivuori,0,1020_20260425_1,21:53:00,22:30:00
20260814,1020_20260813_Pe_1_2213,1020_20260813_20261011_Pe,Munkkivuori,0,1020_20260425_1,22:13:00,22:49:00
20260814,1020_20260813_Pe_1_2232,1020_20260813_20261011_Pe,Munkkivuori,0,1020_20260425_1,22:32:00,23:08:00
20260814,1020_20260813_Pe_1_2252,1020_20260813_20261011_Pe,Munkkivuori,0,1020_20260425_1,22:52:00,23:28:00
20260814,1020_20260813_Pe_1_2312,1020_20260813_20261011_Pe,Munkkivuori,0,1020_20260425_1,23:12:00,23:47:00
20260814,1020_20260813_Pe_1_2337,1020_20260813_20261011_Pe,Munkkivuori,0,1020_20260425_1,23:37:00,24:11:00
20260814,1020_20260813_Pe_1_2407,1020_20260813_20261011_Pe,Munkkivuori,0,1020_20260425_1,24:07:00,24:40:00
20260814,1020_20260813_Pe_1_2437,1020_20260813_20261011_Pe,Munkkivuori,0,1020_20260425_1,24:37:00,25:09:00
20260814,1020_20260813_Pe_1_2507,1020_20260813_20261011_Pe,Munkkivuori,0,1020_20260425_1,25:07:00,25:38:00
20260814,1020_20260813_Pe_1_2537,1020_20260813_20261011_Pe,Munkkivuori,0,1020_20260425_1,25:37:00,26:07:00
20260814,1020_20260813_Pe_1_2607,1020_20260813_20261011_Pe,Munkkivuori,0,1020_20260425_1,26:07:00,26:37:00
20260814,1020_20260813_Pe_1_2637,1020_20260813_20261011_Pe,Munkkivuori,0,1020_20260425_1,26:37:00,27:06:00
20260814,1020_20260813_Pe_1_2707,1020_20260813_20261011_Pe,Munkkivuori,0,1020_20260425_1,27:07:00,27:36:00
20260814,1020_20260813_Pe_1_2737,1020_20260813_20261011_Pe,Munkkivuori,0,1020_20260425_1,27:37:00,28:06:00
20260814,1020_20260813_Pe_1_2807,1020_20260813_20261011_Pe,Munkkivuori,0,1020_20260425_1,28:07:00,28:36:00
